ID,技能名,描述,战斗回合高于X时,战斗回合低于X时,己方战力高于X%时,己方战力低于X%时,敌方战力高于X%时,敌方战力低于X%时,上回合是否击中（1击中2未命中3敌方命中4敌方未命中）,敌我血量高低判断（1.我方高于敌方2.我方低于敌方3我方等于敌方）,Y发动概率,次数限制,技能效果,Z参数,命中生效,己方四维变化,敌方四维变化,修改回合数,虚弱,无法闪避,无视防御,封印回合,封印x概率以上,封印x概率以下,动画id
number,string,string,number,number,number,number,number,number,number,number,number,number,number,number,number,string,string,number,number,boolean,boolean,number,number,number,number
ID,name,desc,turn_cond1,turn_cond2,self_bp_cond1,self_bp_cond2,enemy_bp_cond1,enemy_bp_cond2,turn_cond3,cur_bp_cond,trigger_chance,times_limit,effect_type,param,need_hit,self_property,enemy_property,turn_fixed,exhaust_turn,ignore_dodge,ignore_defense,seal_turn,seal_cond1,seal_cond2,animation_id
1000001,普通攻击,,,,,,,,,,100,999,1,100,,,,,,,,,,,142
1100001,突牙斩,己方战力低于30%时，22%概率造成暴击，暴击时造成150%的伤害且对方无法闪避。,,,,30,,,,,22,15,2,150,,,,,,1,,,,,166
1100002,要害射击,7%概率造成暴击，暴击时造成150%的伤害且对方无法闪避。,,,,,,,,,7,15,2,150,,,,,,1,,,,,150
1100003,低买高卖,不要小看商人的破坏力，6%概率造成暴击，暴击时造成150%的伤害且对方无法闪避。,,,,,,,,,6,15,2,150,,,,,,1,,,,,150
1100004,炎之爆裂,15%概率造成暴击，暴击时造成150%的伤害且对方无法闪避。,,,,,,,,,15,15,2,150,,,,,,1,,,,,151
1100005,魔化腐蚀,6%概率造成暴击，暴击时造成150%的伤害且对方无法闪避。,,,,,,,,,6,15,2,150,,,,,,1,,,,,158
1100006,屠狮之力,9%概率造成暴击，暴击时造成150%的伤害且对方无法闪避。,,,,,,,,,9,15,2,150,,,,,,1,,,,,163
1100007,破魔之击,9%概率造成暴击，暴击时造成150%的伤害且对方无法闪避。,,,,,,,,,9,15,2,150,,,,,,1,,,,,150
1100008,流星突,12%概率造成暴击，暴击时造成150%的伤害且对方无法闪避。,,,,,,,,,12,15,2,150,,,,,,1,,,,,150
1100009,无光之击,20%概率造成暴击，暴击时造成150%的伤害且对方无法闪避。,,,,,,,,,20,15,2,150,,,,,,1,,,,,4
1100010,恩赐圣剑,敌方战力低于40%时，35%概率造成暴击，暴击时造成150%的伤害且对方无法闪避。,,,,,,40,,,35,15,2,150,,,,,,1,,,,,32
1100011,以太爆破,怪物技能,5,,,,,,,,15,15,2,150,,,,,,1,,,,,171
1100012,大魔之刺,10%概率造成暴击，暴击时造成150%的伤害且对方无法闪避。,,,,,,,,,10,15,2,150,,,,,,1,,,,,150
1100013,静脉切割,12%概率造成暴击，暴击时造成150%的伤害且对方无法闪避。,,,,,,,,,12,15,2,150,,,,,,1,,,,,162
1100014,末日燃烧,13%概率造成暴击，暴击时造成150%的伤害且对方无法闪避。,,,,,,,,,13,15,2,150,,,,,,1,,,,,22
1100015,落日之击,战斗回合高于12回时，50%概率造成暴击，暴击时造成300%的伤害且对方无法闪避。,12,,,,,,,,50,1,2,300,,,,,,1,,,,,5
1100016,夺命追杀,8%概率造成暴击，暴击时造成150%的伤害且对方无法闪避。,,,,,,,,,8,15,2,150,,,,,,1,,,,,186
1100017,虎威棒,10%概率造成暴击，暴击时造成160%的伤害且对方无法闪避。,,,,,,,,,10,15,2,160,,,,,,1,,,,,186
1100018,落日流星,5%概率造成暴击，暴击时造成190%的伤害且对方无法闪避。,,,,,,,,,5,15,2,190,,,,,,1,,,,,4
1100019,时代的怪兽（弃用）,6%概率造成暴击，暴击时造成150%的伤害且对方无法闪避。防御等级提高5。,,,,,,,,,6,15,2,150,,,,,,1,,,,,162
1100020,凤仪掷戟,合体技,,,,,,,,,5,1,2,190,,,,,,1,,,,,150
1100021,万花雨扇·绝,合体技,,,,,,8,,,100,1,2,150,,,,,,1,,,,,128
1100022,命运铁王座,合体技,,,,,,,,,8,15,2,160,,,,,,1,,,,,165
1100023,命运的双刃正,合体技,,,,,,,,,10,15,2,1,,,,,,1,,,,,165
1100024,命运的双刃返,合体技,,,,,,,,,10,15,2,200,,,,,,1,,,,,164
1100025,大乱舞（弃用）,合体技,,,,,,,,,5,1,2,160,,,,,,1,,,,,186
1100026,分裂激光,怪物技能,,,,,,,,,40,15,2,160,,,,,,1,,,,,150
1100027,核爆,怪物技能,10,,,,,,,,100,1,2,1000,,,,,,1,,,,,63
1100028,永恒虚无,怪物技能,,,,,,,,,20,1,2,150,,,,,,1,,,,,180
1100029,英勇的隐藏者,2%概率造成暴击，暴击时造成185%的伤害且对方无法闪避。闪避等级提高5。,,,,,,,,,2,15,2,185,,,,,,1,,,,,133
1100030,箭幕齐射,2%概率造成暴击，暴击时造成400%的伤害且对方无法闪避。,,,,,,,,,2,1,2,400,,,,,,1,,,,,134
1100031,时间停止,1%概率造成暴击，暴击时造成195%的伤害且对方无法闪避。,,,,,,,,,1,1,2,195,,,,,,1,,,,,108
1100032,闪烁之光,5%概率造成暴击，暴击时造成200%的伤害且对方无法闪避。,,,,,,,,,5,15,2,200,,,,,,1,,,,,123
1100033,世界大战,合体技,10,,,,,,,,30,15,2,350,,,,,,1,,,,,76
1100034,真·世界大战,合体技,13,,,,,,,,100,1,2,550,,,,,,1,,,,,77
1100035,普通突击,怪物技能,,,,,,,,,100,99,3,900,,,,,,,,,,,142
1100036,大地逆流,怪物技能,,,,,,,,,50,15,2,2500,,,,,,1,,,,,143
1100037,时间突袭,怪物技能,,,,,,,,,100,2,2,330,,,,,,1,,,,,123
1100038,灭世之刃,怪物技能,,,,,,,,,90,99,2,300,,,,,,1,,,,,136
1100039,石中剑,5%概率造成暴击，暴击时造成220%的伤害且对方无法闪避。,,,,,,,,,5,15,2,220,,,,,,1,,,,,6
1100040,后颈肉猛击（弃用）,用力砍击敌人的后颈，造成巨大伤害。17%概率造成暴击，暴击时造成155%的伤害且对方无法闪避。,,,,,,,,,17,15,2,155,,,,,,1,,,,,186
1100041,紧箍咒,这个技能对敌人似乎没有什么效果……,,,,,,,,,0,111,2,100,,,,,,1,,,,,186
1100042,紫青剑气,3%概率造成暴击，暴击时造成240%的伤害且对方无法闪避。,,,,,,,,,3,15,2,240,,,,,,1,,,,,53
1100043,刀狩令（弃用）,敌方战力低于75%时，3%概率造成暴击，暴击时造成230%的伤害且对方无法闪避。此攻击击中敌人时，敌人的下一次攻击只会造成1点伤害。,,,,,,75,,,3,15,2,230,1,,,,1,1,,,,,96
1100044,电磁炮,2%概率造成暴击，暴击时造成444%的伤害且对方无法闪避。先攻等级提高12,,,,,,,,,2,1,2,444,,,,,,1,,,,,98
1100045,真·大神无双,17%概率造成暴击，暴击时造成175%的伤害且对方无法闪避。王者等级提高10。,,,,,,,,,17,15,2,175,,,,,,1,,,,,153
1100046,龙破斩,当己方战力低于80%时，7%概率造成暴击，暴击时造成170%的伤害且对方无法闪避。你每拥有25先攻等级增加1王者等级，至多增加6。,,,,80,,,,,7,15,2,170,,,,,,1,,,,,123
1100047,爪牙之击,4%概率造成暴击，暴击时造成200%的伤害且对方无法闪避。,,,,,,,,,4,15,2,200,,,,,,1,,,,,158
1100048,灼热焚烧,怪物技能,,,,,,,,,60,25,2,150,,,,,,1,,,,,192
1100049,风暴碎裂击,怪物技能,,,,,,,,,60,25,2,150,,,,,,1,,,,,169
1100050,葵花三连,8%概率造成暴击，暴击时造成160%的伤害且对方无法闪避。若上回合击中敌人，则造成200%的伤害。,2,,,,,,2,,8,15,2,160,,,,,,1,,,,,135
1100051,葵花三连X,,2,,,,,,1,,8,15,2,200,,,,,,1,,,,,135
1100052,巨石轰爆,100%概率造成暴击，暴击时造成150%的伤害且对方无法闪避。,,,,,,,,,100,15,2,150,,,,,,1,,,,,123
1100053,巨龙震动,怪物技能,2,,,,,,4,,50,20,2,170,,,,,,1,,,,,136
1100054,拂晓神剑,5%概率造成暴击，暴击时造成190%的伤害且对方无法闪避。先攻等级提高6。,,,,,,,,,5,15,2,190,,,,,,1,,,,,65
1100055,大神无双,10%概率造成暴击，暴击时造成160%的伤害且对方无法闪避。,,,,,,,,,10,15,2,160,,,,,,1,,,,,153
1100056,破胆怒啸,敌方战力低于65%时，3%概率造成暴击，暴击时造成200%的伤害且对方无法闪避。,,,,,,65,,,3,15,2,200,,,,,,1,,,,,153
1100057,冲破银河,4%概率造成暴击，暴击时造成220%的伤害且对方无法闪避。,,,,,,,,,4,15,2,220,,,,,,1,,,,,6
1100058,少年强则国强,10%概率造成暴击，暴击时造成155%的伤害且对方无法闪避。,,,,,,,,,10,15,2,155,,,,,,1,,,,,65
1100059,亩产一千八,战斗回合低于6回时，5%概率造成暴击，暴击时造成350%的伤害且对方无法闪避。,,6,,,,,,,5,1,2,350,,,,,,1,,,,,6
1100060,不流失不浪费,10%概率造成暴击，暴击时造成180%的伤害且对方无法闪避。,,,,,,,,,10,4,2,180,,,,,,1,,,,,136
1100061,金坷垃,4%概率造成暴击，暴击时造成210%的伤害且对方无法闪避。先攻等级提高3，王者等级提高1。,,,,,,,,,4,15,2,210,,,,,,1,,,,,6
1100062,三千世界,3%概率造成暴击，暴击时造成180%的伤害且对方无法闪避。先攻等级提高3。,,,,,,,,,3,15,2,180,,,,,,1,,,,,136
1100063,合法抢劫,3%概率造成暴击，暴击时造成300%的伤害且对方无法闪避。先攻等级提高8。,,,,,,,,,3,1,2,300,,,,,,1,,,,,98
1100064,夺命尖刺,50%概率造成暴击，暴击时造成175%的伤害且对方无法闪避。,,,,,,,,,50,30,2,175,,,,,,1,,,,,192
1100065,火焰龙车,若上回合未击中敌人，100%概率造成暴击，暴击时造成300%的伤害且对方无法闪避。,2,,,,,,2,,100,5,2,300,,,,,,1,,,,,22
1100066,决斗,若上一回合未被敌方击中，100%概率造成暴击，暴击时造成400%的伤害且对方无法闪避。（该技能无法被封印）,2,,,,,,4,,110,5,2,400,,,,,,1,,,,,22
1100067,神武血刃斩,15%概率造成暴击，暴击时造成150%的伤害且对方无法闪避。,,,,,,,,,15,6,2,150,,,,,,1,,,,,123
1100068,虎手龙卷,6%概率造成暴击，暴击时造成230%的伤害且对方无法闪避。,,,,,,,,,6,6,2,230,,,,,,1,,,,,64
1100069,火稚,7%概率造成暴击，暴击时造成200%的伤害且对方无法闪避。,,,,,,,,,7,10,2,200,,,,,,1,,,,,22
1100070,无式,,,,,20,,,,,1,1,2,360,,,,,,1,,,,,22
1100071,炒菜,4%概率造成暴击，暴击时造成250%的伤害且对方无法闪避。,,,,,,,,,4,10,2,250,,,,,,1,,,,,136
1100072,千纸鹤,8%概率造成暴击，暴击时造成190%的伤害且对方无法闪避。,,,,,,,,,8,10,2,190,,,,,,1,,,,,98
1100073,真.炒菜,4%概率造成暴击，暴击时造成260%的伤害且对方无法闪避。己方战力低于5%时，15%概率触发梦月，造成一次500%的暴击伤害且对方无法闪避。,,,5,,,,,,4,10,2,260,,,,,,1,,,,,65
1100074,梦月,,,,,5,,,,,15,2,2,500,,,,,,1,,,,,153
1100075,永夜,3%概率造成暴击，暴击时造成350%的伤害且对方无法闪避。己方战力低于15%时，10%概率触发白天，造成一次600%的暴击伤害且对方无法闪避。先攻等级提高8。,,,15,,,,,,3,5,2,350,,,,,,1,,,,,153
1100076,白天,,,,,15,,,,,10,1,2,600,,,,,,1,,,,,6
1100077,三神器,己方战力低于30%时，3%概率造成暴击，暴击时造成300%的伤害且对方无法闪避。,,,,30,,,,,3,3,2,300,,,,,,1,,,,,65
1100078,魅族之光,3%概率造成暴击，暴击时造成240%的伤害且对方无法闪避。,,,,,,,,,3,15,2,240,,,,,,1,,,,,22
1100079,夜色突袭,12%概率造成暴击，暴击时造成160%的伤害且对方无法闪避。先攻等级提高6。,,,,,,,,,12,15,2,160,,,,,,1,,,,,6
1100080,皮蛋光波,1%概率造成暴击，暴击时造成550%的伤害且对方无法闪避。,,,,,,,,,1,1,2,550,,,,,,1,,,,,64
1100081,熊孩子,4%概率造成暴击，暴击时造成100%的伤害且对方无法闪避。此攻击击中敌人时，敌人的下一次攻击只会造成1点伤害，并且敌人发动概率低于10%的技能被封印1回合。,,,,,,,,,4,1,2,100,1,,,,1,1,,1,,10,123
1100082,吃蜜饯,己方战力高于50%时，10%概率造成暴击，暴击时造成190%的伤害且对方无法闪避。己方战力低于50%时，2%概率造成暴击，暴击时造成400%的伤害且对方无法闪避。,,,50,,,,,,10,4,2,190,,,,,,1,,,,,153
1100083,吃蜜饯.怒,,,,,50,,,,,2,4,2,400,,,,,,1,,,,,153
1100084,认真一拳,若上一回合未被敌方击中，5%概率造成暴击，暴击时造成400%的伤害且对方无法闪避。王者等级提高4。,1,,,,,,4,,5,15,2,400,,,,,,1,,,,,98
1100085,火烧炮,战斗回合低于7回时，3%概率发动，在攻击后恢复35%的总战力。战斗回合高于6回时，5%概率造成暴击，暴击时造成220%的伤害且对方无法闪避。王者等级提高2。,6,,,,,,,,5,15,2,220,,,,,,1,,,,,65
1100086,振翅,战斗回合低于4回时，15%概率造成暴击，暴击时造成170%的伤害且对方无法闪避。战斗回合高于3回时，15%概率造成103%的伤害。,,4,,,,,,,15,4,2,170,,,,,,1,,,,,22
1100087,自然之力,2%概率造成暴击，暴击时造成300%的伤害且对方无法闪避。先攻等级提高8点，王者等级提高2点。,,,,,,,,,2,15,2,300,,,,,,1,,,,,22
1100088,托马斯回旋,3%概率造成暴击，暴击时造成240%的伤害且对方无法闪避。每命中敌方一次，敌方闪避等级减少3。,,,,,,,,,3,15,2,240,1,,0|0|-3|0,,,1,,,,,22
1100089,暴力扣篮,5%概率造成暴击，暴击时造成200%的伤害且对方无法闪避。,,,,,,,,,5,15,2,200,,,,,,1,,,,,22
1100090,冷静射击,8%概率造成暴击，暴击时造成200%的伤害且对方无法闪避。,,,,,,,,,8,15,2,200,,,,,,1,,,,,65
1100091,燃烧箭簇,战斗回合低于4回时，5%概率造成暴击，暴击时造成250%的伤害且对方无法闪避，此攻击击中敌人时，敌人的下一次攻击只会造成1点伤害。,,4,,,,,,,5,15,2,250,1,,,,1,1,,,,,123
1100092,Moon Power,8%概率造成暴击，暴击时造成200%的伤害且对方无法闪避。,,,,,,,,,8,15,2,200,,,,,,1,,,,,65
1100093,万物归环,5%概率造成暴击，暴击时造成300%的伤害且对方无法闪避。击中敌人时，发动概率高于14%低于21%的技能被封印1回合。先攻等级提高10。,,,,,,,,,5,1,2,300,1,,,,,1,,1,14,21,123
1100094,屠龙.暴,己方战力高于10%时，3%概率触发一次150%伤害的纯粹攻击。己方战力低于10%时，5%概率造成暴击，暴击时造成400%的伤害且对方无法闪避。王者等级提高5。,,,,10,,,,,5,1,2,400,,,,,,1,,,,,6
1100095,冠军法国,4%概率造成暴击，暴击时造成30%或300%的伤害且对方无法闪避。,,,,,,,,,2,2,2,300,,,,,,1,,,,,64
1100096,小组法国,,,,,,,,,,2,2,2,30,,,,,,1,,,,,64
1100097,电梯球,6%概率造成暴击，暴击时造成250%的伤害且对方无法闪避。先攻等级提高6。,,,,,,,,,6,5,2,250,,,,,,1,,,,,98
1100098,破魔之箭,2%概率造成暴击，暴击时造成50%的伤害且对方无法闪避，同时该攻击无视防御。先攻等级提高10。（该技能受先攻加成）,,,,,,,,,2,1,2,50,,,,,,1,1,,,,153
1100099,光影交错,若上回合未击中敌人，5%概率造成暴击，暴击时造成333%的伤害且对方无法闪避。,2,,,,,,2,,5,5,2,333,,,,,,1,,,,,22
1100100,鬼之狂暴,若上一回合被敌方击中，12%概率造成暴击，暴击时造成220%的伤害且对方无法闪避。先攻等级提高10。,1,,,,,,3,,12,15,2,220,,,,,,1,,,,,98
1100101,黄金剧场.暴,,,,,20,,,,,3,1,2,420,,,,,,1,,,,,153
1100102,爽朗笑容,我方战力低于敌方战力并且回合数小于3时，10%概率造成暴击，暴击时造成300%的伤害且对方无法闪避。先攻等级提高10。,,3,,,,,,2,10,5,2,300,,,,,,1,,,,,64
1100103,无我,己方战力高于20%，10%概率造成暴击，暴击时造成200%的伤害且对方无法闪避。己方战力低于20%时，1%概率触发一次200%伤害的纯粹攻击。先攻等级提高10。,,,20,,,,,,10,6,2,200,,,,,,1,,,,,65
1100104,决战之时,战斗回合低于3回时，15%概率造成暴击，暴击时造成250%伤害且对方无法闪避，命中提高己方先攻等级40点。先攻等级提高8。,,3,,,,,,,15,1,2,250,,40|0|0|0,,,,1,,,,,22
1200001,致命射击,20%概率造成120%的伤害。,,,,,,,,,20,15,3,120,,,,,,,,,,,142
1200002,安魂曲,20%概率造成135%的伤害。,,,,,,,,,20,1,3,135,,,,,,,,,,,161
1200003,刃击,8%概率造成150%的伤害。,,,,,,,,,8,15,3,150,,,,,,,,,,,162
1200004,无畏打击（弃用）,4%概率造成200%的伤害。,,,,,,,,,4,15,3,200,,,,,,,,,,,150
1200005,火球术,30%概率造成130%的伤害。,,,,,,,,,30,1,3,130,,,,,,,,,,,148
1200006,闹脾气,不和她玩的话，就会生气哦！100%概率造成101%的伤害。,,,,,,,,,100,1,3,101,,,,,,,,,,,142
1200007,A之逆袭,4%概率造成180%的伤害。,,,,,,,,,4,15,3,180,,,,,,,,,,,142
1200008,久违的礼物,10%概率造成145%的伤害。大家都很想要啊！,,,,,,,,,10,15,3,145,,,,,,,,,,,142
1200009,怒火之吠,100%概率造成103%的伤害。,,,,,,,,,100,1,3,103,,,,,,,,,,,161
1200010,恐吓,15%概率造成120%的伤害。,,,,,,,,,15,15,3,120,,,,,,,,,,,142
1200011,刺杀,4%概率造成200%的伤害,,,,,,,,,4,1,3,200,,,,,,,,,,,168
1200012,野蛮冲撞,8%概率造成150%的伤害,,,,,,,,,8,15,3,150,,,,,,,,,,,142
1200013,冷酷执行,3%概率造成300%的伤害。,,,,,,,,,3,1,3,300,,,,,,,,,,,8
1200014,魔化撕咬,20%概率造成120%的伤害。,,,,,,,,,20,15,3,120,,,,,,,,,,,156
1200015,魔化猛击,8%概率造成150%的伤害。,,,,,,,,,8,15,3,150,,,,,,,,,,,154
1200016,元素火焰,6%概率造成200%的伤害,,,,,,,,,6,1,3,200,,,,,,,,,,,110
1200017,炎热之火,30%概率造成120%的伤害。,,,,,,,,,30,15,3,120,,,,,,,,,,,148
1200018,坚冰碎屑,15%概率造成133%的伤害。,,,,,,,,,15,15,3,133,,,,,,,,,,,153
1200019,大叔暴走,4%概率造成200%的伤害,,,,,,,,,4,15,3,200,,,,,,,,,,,142
1200020,插鼻过肩摔,8%概率造成200%的伤害,,,,,,,,,8,15,3,200,,,,,,,,,,,142
1200021,葱硬化插击,2%概率造成300%的伤害,,,,,,,,,2,15,3,300,,,,,,,,,,,7
1200022,燕返（弃用）,13%概率造成150%的伤害,,,,,,,,,13,15,3,150,,,,,,,,,,,165
1200023,烈风手里剑,8%概率造成200%的伤害,,,,,,,,,8,15,3,200,,,,,,,,,,,142
1200024,原始火焰,6%概率造成180%的伤害,,,,,,,,,6,15,3,180,,,,,,,,,,,171
1200025,裂头击,9%概率造成200%的伤害,,,,,,,,,9,1,3,200,,,,,,,,,,,142
1200026,黑刃,4%概率造成300%的伤害,,,,,,,,,4,15,3,300,,,,,,,,,,,12
1200027,雷神之锥（弃用）,20%概率造成150%的伤害,,,,,,,,,20,15,3,150,,,,,,,,,,,169
1200028,半月斩（弃用）,19%概率造成155%的伤害,,,,,,,,,19,15,3,155,,,,,,,,,,,150
1200029,大神无双（弃用）,30%概率造成160%的伤害,,,,,,,,,30,1,3,160,,,,,,,,,,,153
1200030,帝国之握,5%概率造成320%的伤害,,,,,,,,,5,1,3,320,,,,,,,,,,,42
1200031,王选之刃（弃用）,10%概率造成250%的伤害。,,,,,,,,,10,2,3,250,,,,,,,,,,,41
1200032,裂地猛击,25%概率造成150%的伤害。,,,,,,,,,25,15,3,150,,,,,,,,,,,27
1200033,灭世一刀斩,6%概率造成300%的伤害。,,,,,,,,,6,15,3,300,,,,,,,,,,,43
1200034,黏黏,怪物技能,,,,,,,,,50,15,3,115,,,,,,,,,,,142
1200035,碾碎,20%概率造成140%的伤害。,,,,,,,,,20,15,3,140,,,,,,,,,,,142
1200036,邪恶撕裂,怪物技能,,,,,,,,,20,15,3,140,,,,,,,,,,,156
1200037,爆裂火焰,怪物技能,,,,,,,,,50,1,3,160,,,,,,,,,,,150
1200038,俯冲,怪物技能,,,,,,,,,50,1,3,180,,,,,,,,,,,142
1200039,猛锥,怪物技能,,,,,,,,,20,15,3,140,,,,,,,,,,,142
1200040,以太打击,怪物技能,,,,,,,,,50,15,3,130,,,,,,,,,,,171
1200041,天使一闪,4%概率造成300%的伤害。,,,,,,,,,4,15,3,300,,,,,,,,,,,4
1200042,飞龙升天破,己方战力低于50%时，26%概率造成150%的伤害。,,,,50,,,,,26,15,3,150,,,,,,,,,,,136
1200043,爆破点穴,41%概率造成120%的伤害。,,,,,,,,,41,15,3,120,,,,,,,,,,,171
1200044,熔岩爆裂,8%概率造成205%的伤害。,,,,,,,,,8,15,3,205,,,,,,,,,,,193
1200045,无差别格斗,29%概率造成122%的伤害。,,,,,,,,,29,15,3,122,,,,,,,,,,,142
1200046,念动力推击,19%概率造成155%的伤害。,,,,,,,,,19,15,3,155,,,,,,,,,,,148
1200047,深呼吸,12%概率造成220%的伤害。,,,,,,,,,12,15,3,220,,,,,,,,,,,194
1200048,必杀狙击手,1%概率造成330%的伤害。,,,,,,,,,1,15,3,330,,,,,,,,,,,10
1200049,神之重击,7%概率造成280%的伤害。,,,,,,,,,7,15,3,280,,,,,,,,,,,165
1200050,真·大神无双,35%概率造成175%的伤害。王者等级提高10。,,,,,,,,,35,15,3,175,,,,,,,,,,,57
1200051,神武血刃斩,15%概率造成230%的伤害,,,,,,,,,15,15,3,230,,,,,,,,,,,123
1200052,业火机神,己方战力低于50%时，1%概率造成350%的伤害,,,,50,,,,,1,1,3,350,,,,,,,,,,,18
1200053,破胆怒啸（弃用）,敌方战力低于65%时，3%概率造成320%的伤害,,,,,,65,,,3,15,3,320,,,,,,,,,,,11
1200054,虎手龙卷,6%概率造成320%的伤害,,,,,,,,,6,15,3,320,,,,,,,,,,,64
1200055,拂晓神剑（弃用）,3%概率造成300%的伤害闪避等级提高8。,,,,,,,,,3,15,3,300,,,,,,,,,,,65
1200056,怒马践踏（弃用）,10%概率造成200%的伤害,,,,,,,,,10,15,3,200,,,,,,,,,,,121
1200057,末日龙炎,4%概率造成350%的伤害。,,,,,,,,,4,1,3,350,,,,,,,,,,,66
1200058,魂之万事屋,合体技,,,,2,,,,,80,15,3,1000,,,,,,1,,,,,67
1200059,超重,怪物技能,,,,,,,,,40,15,3,220,,,,,,,,,,,129
1200060,亚空间爆裂,怪物技能,,,,50,,,,,50,15,3,300,,,,,,,,,,,137
1200061,隔空取物,6%概率造成150%的伤害,,,,,,,,,6,15,3,150,,,,,,,,,,,142
1200062,打你咋地,10%概率造成210%的伤害,,,,,,,,,10,15,3,210,,,,,,,,,,,16
1200063,透骨凝视,怪物技能,,,,,,,,,30,15,3,450,,,,,,,,,,,156
1200064,无限剑制,9%概率造成225%的伤害,,,,,,,,,9,15,3,225,,,,,,,,,,,87
1200065,无敌救兵,8%概率造成250%的伤害,,,,,,,,,8,15,3,250,,,,,,,,,,,23
1200066,化身亿万（弃用）,1%概率造成340%的伤害王者等级增加3,,,,,,,,,1,15,3,340,,,,,,,,,,,91
1200067,死神镰刀,6%概率造成200%的伤害。此攻击击中敌人时，敌人的下一次攻击只会造成1点伤害。,,,,,,,,,6,15,3,200,1,,,,1,,,,,,99
1200068,萌射长弓,6%概率造成140%的伤害，该攻击无视敌方防御等级。,,,,,,,,,6,15,3,140,,,,,,,1,,,,136
1200069,较强的攻击,20%概率造成101%的伤害……（拥有奇怪的未知特效）,,,,,,,,,20,15,3,101,1,,,,,,,1,,4,156
1200070,那么问题来了,8%概率造成200%的伤害，该攻击无法闪避。,,,,,,,,,8,15,3,200,,,,,,1,,,,,126
1200071,做人要低调,7%概率造成140%的伤害但偶尔会发动一次该无法闪避的攻击，造成330%的伤害。,,,,,,,,,7,15,3,140,,,,,,,,,,,142
1200072,真的教做人,,,,,,,,,,1,15,3,330,,,,,,1,,,,,190
1200073,打麻将,20%概率造成40%的伤害，此攻击击中敌人时，敌人发动概率低于6%的技能被封印3回合。,,,,,,,,,20,1,3,40,1,,,,,,,6,,3,142
1200074,窒息之烬,怪物技能,,,,,,,,,100,1,3,150,1,,,,,,,4,8,,135
1200075,命运劫持,,,,,,,,,,45,1,3,80,1,,,,,1,1,10,,5,111
1200076,斯巴达刃斩,斯巴达的攻击足以穿透敌人的护甲！6%概率造成105%的伤害，该攻击无视敌方防御等级。若上回合未击中敌人，则有额外4%的概率造成160%的伤害，该攻击无视敌方防御等级。,,,,,,,,,6,15,3,105,,,,,,,1,,,,107
1200077,斯巴达刃斩X,,2,,,,,,2,,4,15,3,160,,,,,,,1,,,,142
1200078,斯巴达强击,斯巴达的攻击足以穿透敌人的护甲！若上回合未击中敌人，12%的概率造成210%的伤害。该攻击无视敌方防御等级。,2,,,,,,2,,12,15,3,210,,,,,,,1,,,,135
1200079,咩影冲刺,6%概率造成230%的伤害闪避等级增加2,,,,,,,,,6,15,3,230,,,,,,,,,,,135
1200080,蛇之血契,若上一回合未被敌方击中，15%概率造成280%伤害，该攻击无法闪避。场上每有一个其他的堕格斗家，王者等级提高2，至多提高7,2,,,,,,4,,15,15,3,280,,,,,,1,,,,,126
1200081,百式·鬼烧,9%概率造成220%的伤害,,,,,,,,,9,15,3,220,,,,,,,,,,,150
1200082,大蛇薙,6%概率造成320%的伤害，己方战力低于30%时，3%概率发动真大蛇薙，造成640%伤害且该攻击无法闪避.防御等级增加6,,,,,,,,,6,15,3,320,,,,,,,,,,,192
1200083,真大蛇薙,,,,,30,,,,,3,15,3,640,,,,,,1,,,,,137
1200084,钻石冰刃,10%概率造成120%的伤害，此攻击击中敌人时，敌人发动概率低于5%的技能被封印1回合。,,,,,,,,,10,15,3,120,1,,,,,,,1,,5,131
1200085,巨石暴风雨1,100%概率造成100%的伤害，此攻击击中敌人时，敌人发动概率低于5%的技能被封印10回合。,,,,,,,,,100,1,3,100,1,,,,,,,10,,5,192
1200086,巨石暴风雨2,若上回合未击中敌人，100%概率造成150%的伤害，此攻击击中敌人时，敌人发动概率低于5%的技能被封印10回合。,2,,,,,,2,,100,99,3,150,1,,,,,,,10,,5,192
1200087,巨龙剥夺,怪物技能,2,,,,,,3,,60,20,3,100,1,,,,1,,,,,,156
1200088,怒火激将,5%概率造成400%的伤害,,,,,,,,,5,1,3,400,,,,,,,,,,,75
1200089,大乱舞,合体技,,,,,,,,,15,1,3,200,,,,,,,,,,,186
1200090,大安宅船,2%概率造成300%的伤害。,,,,,,,,,2,1,3,300,,,,,,,,,,,10
1200091,盾墙1,8%概率造成30%的伤害。该攻击无视闪避。此攻击击中敌人时，敌人的下一次攻击只会造成1点伤害。,,,,,,,,,8,1,3,30,1,,,,1,1,,,,,142
1200092,盾墙2,8%概率造成45%的伤害。此攻击击中敌人时，敌人的下一次攻击只会造成1点伤害。,,,,,,,,,8,1,3,45,1,,,,1,,,,,,142
1200093,石化凝视1,100%概率造成100%的伤害。此攻击击中敌人时，敌人发动概率低于16%的技能被封印99回合。,,,,,,,,,100,1,3,100,1,,,,,,,99,,16,168
1200094,石化凝视2,若上回合未击中敌人，100%概率造成130%的伤害。此攻击击中敌人时，敌人发动概率低于16%的技能被封印99回合。,2,,,,,,2,,100,99,3,130,1,,,,,,,99,,16,168
1200095,稳固阵列,怪物技能,,,,,,,,,80,10,3,200,,,,,,1,,,,,150
1200096,刀斧阵,怪物技能,,,,,,,,,80,10,3,320,,,,,,1,,,,,10
1200097,姐妹一心,1%概率造成200%的伤害，该攻击无视敌方防御等级。,,,,,,,,,1,15,3,200,,,,,,,1,,,,192
1200098,罗伯茨船规,战斗回合低于10时，5%概率造成50%的伤害，该攻击无法闪避，此攻击击中敌人时，敌人的下一次攻击只会造成1点伤害。,,10,,,,,,,5,1,3,50,1,,,,1,1,,,,,192
1200099,八稚女,5%概率造成150%的伤害，该攻击无视敌方防御等级。己方战力低于20%，8%概率发动八酒杯，造成50%的伤害，该攻击无视闪避，八酒杯击中敌人时，敌人的下一次攻击只会造成1点伤害。,,,,,,,,,5,15,3,150,,,,,,,1,,,,131
1200100,八酒杯,,,,,20,,,,,8,2,3,50,1,,,,1,1,,,,,131
1200101,爆头,若上一回合未被敌方击中，6%概率造成260%的伤害。,1,,,,,,4,,6,15,3,260,,,,,,,,,,,131
1200102,爆炸,若上一回合被敌方击中，6%概率造成260%的伤害。,1,,,,,,3,,6,15,3,260,,,,,,,,,,,131
1200103,GG,6%概率造成400%的伤害。此攻击击中敌人时，敌人发动概率低于10%的技能被封印2回合。,,,,,,,,,6,1,3,400,1,,,,,,,2,,10,99
1200104,狂热,8%概率造成330%的伤害。王者等级提高2。,,,,,,,,,8,15,3,330,,,,,,,,,,,186
1200105,认真的我,6%概率造成300%的伤害，该攻击无法闪避，此攻击击中敌人时，敌人发动概率低于15%的技能被封印2回合。,,,,,,,,,6,4,3,300,1,,,,,1,,2,,15,75
1200106,无力,战斗回合低于4回时，15%概率造成暴击，暴击时造成170%的伤害且对方无法闪避。战斗回合高于3回时，15%概率造成103%的伤害。,3,,,,,,,,15,15,3,103,,,,,,,,,,,10
1200107,皮鲁埃特剑术,战斗回合低于6回时，10%概率造成400%的伤害,,6,,,,,,,10,15,3,400,,,,,,,,,,,142
1200108,黑之牙,己方战力高于50%时，8%概率发动，造成160%的伤害，无法闪避，增加5回合，己方战力低于50%时，8%概率发动，造成己方已损失战力120%的伤害，无法闪避，王者等级提高5，增加5回合。,,,50,,,,,,8,15,3,160,1,,,5,,1,,,,,142
1200109,神枪手,10%概率造成250%的伤害，该攻击无法闪避，回合数减5。先攻等级提高7。,,,,,,,,,10,15,3,250,1,,,-5,,1,,,,,75
1200110,极限重量扩张,战斗回合低于5回合时，10%概率造成180%的伤害，该技能无视防御。王者等级提高7点。,,5,,,,,,,10,15,3,180,,,,,,,1,,,,75
1200111,家传拳脚功夫,10%概率造成200%的伤害，该攻击无视防御，回合数减5。攻击后吸收本次伤害80%的战力。王者等级提高4。,,,,,,,,,10,15,3,200,1,,,-5,,,1,,,,75
1200112,德国战车,5%概率造成150%的伤害，该攻击无视敌方防御等级。,,,,,,,,,5,15,3,150,,,,,,,1,,,,192
1200113,中场控制,8%概率造成50%的伤害，该攻击无视敌方防御等级。此攻击击中敌人时，敌人的下一次攻击只会造成1点伤害。,,,,,,,,,8,3,3,50,1,,,,1,,,,,,131
1200114,义气当先,2%概率造成400%的伤害。,,,,,,,,,2,15,3,400,,,,,,,,,,,10
1200115,鹰翼挥击,70%概率造成300%伤害，限制99次,,,,,,,,,70,99,3,500,,,,,,,,,,,142
1200116,致命音波,30%概率造成100%伤害，限制99次，无法闪避,,,,,,,,,30,99,3,400,,,,,,1,,,,,186
1200117,老树拔根,60%概率造成100%纯粹伤害,,,,,,,,,60,99,3,50,,,,,,1,1,,,,131
1200118,女王凝视,回合数小于5，100%概率，造成40%伤害，封印9%概率以下技能，持续99回合，虚弱对方,,5,,,,,,,100,10,3,40,1,,,,1,,,99,,9,168
1200119,复仇之箭,回合数小于7,,7,,70,,,,,100,3,3,999,,,,,,1,1,,,,75
1200120,黑暗之潮,30%概率造成100%伤害，限制99次，无法闪避,,,,,,,,,30,99,3,400,,,,,,1,,,,,186
1300001,五花肉,己方战力低于30%时，6%概率发动，造成己方损失战力40%的伤害。,,,,30,,,,,6,1,4,40,,,,,,,,,,,142
1300002,怒火爆发,己方战力低于5%时，30%概率发动，造成己方损失战力35%的伤害。,,,,5,,,,,30,15,4,35,,,,,,,,,,,171
1300003,愤怒鸡群,6%概率发动，造成己方损失战力40%的伤害。,,,,,,,,,6,1,4,40,,,,,,,,,,,156
1300004,王之终结,战斗回合高于6回时，11%概率发动，造成己方损失战力40%的伤害。,6,,,,,,,,11,1,4,40,,,,,,,,,,,175
1300005,撒旦之火,己方战力低于30%时，12%概率发动，造成己方损失战力40%的伤害。,,,,30,,,,,12,15,4,40,,,,,,,,,,,180
1300006,永远的万事屋,己方战力低于40%时，15%概率发动，造成己方损失战力60%的伤害。对方无法闪避,,,,40,,,,,15,15,4,60,,,,,,1,,,,,44
1300007,血腥沙尘暴,战斗回合高于7回时，18%概率发动，造成己方损失战力45%的伤害。,7,,,,,,,,18,15,4,45,,,,,,,,,,,26
1300008,黑暗咒术,怪物技能,8,,,,,,,,100,1,4,50,,,,,,,,,,,183
1300009,无刀取,己方战力低于15%时，60%概率发动，造成己方损失战力60%的伤害。,,,,15,,,,,60,1,4,60,,,,,,,,,,,45
1300010,猫拳,己方战力低于20%时，40%概率发动，造成己方损失战力50%的伤害。,,,,20,,,,,40,15,4,50,,,,,,,,,,,28
1300011,不是假发,己方战力低于30%时，15%概率发动，造成己方损失战力55%的伤害。,,,,30,,,,,15,15,4,55,,,,,,,,,,,122
1300012,真理田园,己方战力低于25%时，20%概率发动，造成己方损失战力60%的伤害，该攻击无法闪避。此攻击击中敌人时，敌人的下一次攻击只会造成1点伤害，并且敌人发动概率低于6%的技能被封印1回合。,,,,25,,,,,20,1,4,60,1,,,,1,1,,1,,6,60
1300013,烈炎降魔铲,己方战力低于25%时，30%概率发动，造成己方损失战力50%的伤害。,,,,25,,,,,30,15,4,50,,,,,,,,,,,171
1300014,真相只有一个,战斗回合高于5回时，16%概率发动，造成己方损失战力50%的伤害。,5,,,,,,,,16,15,4,50,,,,,,,,,,,146
1300015,逆转红莲,己方战力低于20%时，25%概率发动，造成己方损失战力45%的伤害。该攻击无视防御。,,,,20,,,,,25,15,4,45,,,,,,,1,,,,172
1300016,黯然销魂掌,5%概率发动，造成己方损失战力125%的伤害。此攻击击中敌人时，敌人的下一次攻击只会造成1点伤害。,,,,,,,,,5,15,4,125,1,,,,1,,,,,,142
1300017,黯然销魂掌,,,,,,,,,,100,15,4,125,1,,,,1,,,,,,107
1300018,夜兔觉醒,己方战力低于50%时，20%概率发动，造成己方损失战力60%的伤害。,,,,50,,,,,20,15,4,60,,,,,,,,,,,107
1300019,点鞭炮,己方战力低于99%时，5%概率发动，造成己方损失战力90%的伤害。该技能无法闪避。那么问题来了：我们点的是小鞭炮还是千响鞭炮呢？,,,,99,,,,,5,1,4,90,,,,,,1,,,,,60
1300020,双刃剑,己方战力低于30%时，5%概率发动，造成己方损失战力40%的伤害。该攻击无法闪避，无视防御。,,,,30,,,,,5,15,4,40,,,,,,1,1,,,,28
1300021,爆狗,战斗回合高于8回时，10%概率发动，造成己方损失战力60%的伤害。,8,,,,,,,,10,15,4,60,,,,,,,,,,,122
1300022,黑之牙,己方战力高于50%时，8%概率造成160%伤害，无法闪避，回合数加5，己方战力低于50%时，8%概率造成己方已损失战力120%伤害，无法闪避，回合数加5。王者等级提高5。,,,,50,,,,,8,15,4,120,1,,,5,,1,,,,,122
1300023,岭上开花,己方战力低于40%时，4%概率发动，造成己方损失战力60%的伤害，该攻击无法闪避。此攻击击中敌人时，敌人的下一次攻击只会造成1点伤害。,,,,40,,,,,4,15,4,60,1,,,,1,1,,,,,60
1400001,皮鞭打击,18%概率造成敌方当前战力50%的伤害。,,,,,,,,,18,15,5,50,,,,,,,,,,,142
1400002,剧毒投掷,22%概率造成敌方当前战力40%的伤害。,,,,,,,,,22,1,5,40,,,,,,,,,,,183
1400003,无上破坏力,不要小看熊孩子的破坏力！16%概率造成敌方当前战力40%的伤害。,,,,,,,,,16,1,5,40,,,,,,,,,,,150
1400004,原始激流,16%概率造成敌方当前战力53%的伤害。,,,,,,,,,16,15,5,53,,,,,,,,,,,153
1400005,致命挥舞,24%概率造成敌方当前战力50%的伤害。,,,,,,,,,24,15,5,50,,,,,,,,,,,19
1400006,污染,怪物技能,,,,,,,,,50,1,5,50,,,,,,,,,,,183
1400007,剧毒撕咬,20%概率造成敌方当前战力52%的伤害。,,,,,,,,,20,1,5,52,,,,,,,,,,,157
1400008,堕落黑潮,30%概率造成敌方当前战力70%的伤害。,,,,,,,,,30,1,5,70,,,,,,,,,,,48
1400009,大激流,怪物技能,,,,,,,,,100,1,5,70,,,,,,,,,,,153
1400010,无情之握,怪物技能,,,,,,,,,100,1,5,150,,,,,,,,,,,127
1400011,热浪,怪物技能,,,,,,,,,40,15,5,60,,,,,,,1,,,,110
1400012,玉女素心剑,合体技,,,,,200,,,,70,15,5,80,,,,,,,1,,,,165
1400013,玉女素心剑,合体技,,,,,200,,,,10,15,5,80,,,,,,,1,,,,130
1400014,玉女素心剑,怪物技能,,,,,200,,,,90,15,5,80,,,,,,,1,,,,130
1400018,圆桌骑士,若上回合未击中敌人，65%概率造成敌方当前战力100%的伤害。该攻击无视防御。,2,,,,,,2,,65,15,5,100,,,,,,,1,,,,124
1400019,誓约胜利,敌方战力高于250%时，100%概率造成敌方当前战力100%的伤害。该攻击无视防御，无法闪避。（该技能无法被封印）,,,,,250,,,,110,5,5,100,,,,,,1,1,,,,161
1400020,骑士美德,100%概率发动一次攻击，敌方被击中后回复血量，回复值为敌方当前战力的60%。（该技能无法被封印）,,,,,,,,,110,15,5,-60,,,,,,,,,,,145
1400021,友情破颜拳,战斗回合低于5并且己方战力低于30%时，60%概率发动，造成敌方当前战力70%的伤害。该技能无法闪避。,,5,,30,,,,,60,1,5,70,,,,,,1,,,,,110
1400022,手术,10%的概率给予敌方一次不可闪避的攻击，攻击后敌方回复当前敌方本身10%的战力，同时敌方的下一次攻击只会造成1点伤害。手术后不可乱动。,,,,,,,,,10,1,5,-10,1,,,,1,1,,,,,110
1400023,卖萌光线,当己方生命低于50%时，4个萝莉会有5%的概率齐射卖萌光线，给敌方造成当前战力50%的伤害，该技能无法闪避。此攻击击中敌人时，敌人的下一次攻击只会造成1点伤害。,,,,,,,,,5,5,5,50,1,,,,1,1,,,,,48
1400024,胜利光辉,战斗回合高于8回时，100%概率造成敌方当前战力99%的伤害。该攻击无视防御，无法闪避。（该技能无法被封印）,8,,,,,,,,110,1,5,99,,,,,,1,1,,,,48
1400025,骨灰,怪物技能,,,,,,,,,11,99,5,55,1,,,,1,1,,3,6,,183
1400026,圣诞礼物,20%概率造成敌方当前战力60%的伤害。该攻击无视防御。,,,,,,,,,20,1,5,60,,,,,,,1,,,,130
1400027,兴奋剂,20%概率造成敌方当前战力54%的伤害。,,,,,,,,,20,3,5,54,,,,,,,,,,,110
1400028,烈火焚烧,战斗回合高于16回时，100%概率造成敌方当前战力99%的伤害。该攻击无视防御，无法闪避。（该技能无法被封印）,16,,,,,,,,110,100,5,99,,,,,,1,1,,,,48
1400029,英雄,战斗回合为1时，2%概率造成敌方当前战力50%的纯粹伤害。该攻击无视防御，无法闪避。,,2,,,,,,,2,4,5,50,,,,,,1,1,,,,161
1400030,啊~达~,敌方战力高于20%时，7%概率造成敌方当前战力80%的伤害。该攻击无法闪避。,,,,,20,,,,7,1,5,80,,,,,,1,,,,,145
1400031,战神一击,敌方战力低于100%时，10%概率造成敌方总战力60%的伤害，敌方战力高于100%时，10%概率造成敌方当前战力60%的伤害。该攻击无视闪避。王者等级提高10。永久享受合战特权。,,,,,100,,,,10,1,5,60,,,,,,1,,,,,145
1400032,堕落侵蚀,100%概率造成敌方当前战力300%的伤害，无视闪避,,,,,,,,,100,1,5,300,,,,,,1,,,,,145
1400033,根须缠绕,上回合未命中的时候，100%概率造成敌方当前战力70%伤害,,,,,,,2,,100,99,5,70,,,,,,1,1,,,,157
1400034,塔主的嫉妒,敌方战力高于150%时，必定造成敌方当前战力50%的伤害。该攻击无视防御，无法闪避。此攻击击中敌人时，敌人的所有技能被封印1回合，同时敌方的下一次攻击只会造成1点伤害。,,,,,150,,,,110,2,5,50,1,,,,1,1,1,1,,101,48
1500001,一掷千金,6%概率造成敌方总战力33%的伤害。,,,,,,,,,6,1,6,33,,,,,,,,,,,142
1500002,剥夺尖刀,6%概率造成敌方总战力34%的伤害。,,,,,,,,,6,1,6,34,,,,,,,,,,,142
1500003,怒之大剑（弃用）,12%概率造成敌方总战力34%的伤害。,,,,,,,,,12,1,6,34,,,,,,,,,,,170
1500004,割头之击,怪物技能,,,,,,,,,15,15,6,35,,,,,,,,,,,142
1500005,天下布武（弃用）,18%概率造成敌方总战力41%的伤害。,,,,,,,,,18,15,6,41,,,,,,,,,,,46
1500006,魔剑,9%概率造成敌方总战力35%的伤害。,,,,,,,,,9,15,6,35,,,,,,,,,,,1
1500007,天之怒雷,8%概率造成敌方总战力44%的伤害。,,,,,,,,,8,15,6,44,,,,,,,,,,,58
1500008,大炎法华,15%概率造成敌方总战力54%的伤害。,,,,,,,,,15,15,6,54,,,,,,,,,,,62
1500009,烈焰帷幕,,,,,,,150,,,12,1,6,15,1,,,,1,1,1,,,,142
1500010,斯巴达狂热,3%概率造成敌方总战力30%的伤害。该攻击无视敌方防御等级。王者等级增加3。,,,,,,,,,3,1,6,30,,,,,,,1,,,,171
1500011,情花剧毒,怪物技能,,,,,,,,,80,3,6,30,,,,,,1,1,,,,183
1500012,情花剧毒,怪物技能,,,,,,,,,80,4,6,30,,,,,,1,1,,,,183
1500013,情花剧毒,怪物技能,,,,,,,,,80,4,6,40,,,,,,1,1,,,,183
1500014,魔化剧毒,怪物技能,,,,,,,,,80,3,6,30,,,,,,1,1,,,,14
1500015,魔化剧毒,怪物技能,,,,,,,,,80,4,6,30,,,,,,1,1,,,,14
1500016,魔化剧毒,怪物技能,,,,,,,,,80,4,6,40,,,,,,1,1,,,,14
1500017,会心,怪物技能,,,,,,,,,100,3,6,50,,,,,,1,1,,,,24
1500018,兵出祁山,怪物技能,,,,,,,,,100,1,6,100,,,,,,1,1,,,,188
1500019,情义烈焰,怪物技能,,,,,,,,,80,3,6,30,,,,,,1,1,,,,14
1500020,情义烈焰,怪物技能,,,,,,,,,80,4,6,30,,,,,,1,1,,,,14
1500021,情义烈焰,怪物技能,,,,,,,,,80,4,6,40,,,,,,1,1,,,,14
1500022,圣诞礼物,敌方战力高于200%时，20%概率造成敌方总战力60%的伤害。该攻击无视防御。,,,,,200,,,,20,1,6,60,,,,,,,1,,,,24
1500023,圣女,若上一回合被敌方击中，100%概率造成敌方总战力60%的伤害。该攻击无视闪避。此攻击击中敌人时，敌人的下一次攻击只会造成1点伤害。（该技能无法被封印）,2,,,,,,3,,110,99,6,60,1,,,,1,1,,,,,183
1500024,战神一击,敌方战力低于或等于100%时，10%造成敌方总战力60%伤害，敌方战力高于100%时，10%造成敌方当前战力60%伤害。攻击无视闪避。王者等级提高10。永久享受合战特权。,,,,,,101,,,10,1,6,60,,,,,,1,,,,,183
1600001,初级念动力,战斗回合高于12回时，100%概率发动，造成敌方已损失战力50%的伤害。,12,,,,,,,,100,1,7,50,,,,,,,,,,,142
1600002,神圣之刺,6%概率发动，造成敌方已损失战力40%的伤害。,,,,,,,,,6,15,7,40,,,,,,,,,,,142
1600003,真选之魂,战斗回合高于5回时，12%概率发动，造成敌方已损失战力45%的伤害。,5,,,,,,,,12,1,7,45,,,,,,,,,,,182
1600004,元素风暴,敌方战力低于50%时，16%概率发动，造成敌方已损失战力50%的伤害。,,,,,,50,,,16,1,7,50,,,,,,,,,,,171
1600005,无常之手,战斗回合高于8回时，100%概率发动，造成敌方已损失战力55%的伤害。,8,,,,,,,,100,1,7,55,,,,,,,,,,,13
1600006,万花雨扇·收,战斗回合高于8回时，50%概率发动，造成敌方已损失战力40%的伤害。,8,,,,,,,,50,15,7,40,,,,,,,,,,,119
1600007,心疑无常,敌方战力低于80%时，7%概率发动，造成敌方已损失战力60%的伤害，此攻击击中敌人时，敌人发动概率高于4%的技能被封印1回合（发动率高于45%的技能豁免）。闪避等级提高8,,,,,,80,,,7,15,7,60,1,,,,,,,1,4,45,25
1600008,时间黑洞,怪物技能,,,,,,,,,100,15,7,200,,,,,,,,,,,2
1600009,直死之魔眼,敌方战力低于50%时，15%概率发动，造成敌方已损失战力120%的伤害。王者等级提高3,,,,,,50,,,15,15,7,120,,,,,,,,,,,17
1600010,一哨定音,敌方战力低于40%时，10%概率发动，造成敌方已损失战力65%的伤害。该技能无法闪避。,,,,,,40,,,10,15,7,65,,,,,,1,,,,,182
1700001,暧昧的气氛,10%概率发动，攻击后吸收本次伤害22%的战力。,,,,,,,,,10,15,8,22,,,,,,,,,,,20
1700002,抢东西吃,100%概率发动，攻击后吸收本次伤害3%的战力。,,,,,,,,,100,1,8,3,,,,,,,,,,,141
1700003,残破肉体,10%概率发动，攻击后吸收本次伤害20%的战力。,,,,,,,,,10,15,8,20,,,,,,,,,,,155
1700004,魔化诅咒,100%概率发动，攻击后吸收本次伤害5%的战力。,,,,,,,,,100,1,8,5,,,,,,,,,,,177
1700005,异能爆发,8%概率发动，攻击后吸收本次伤害40%的战力。,,,,,,,,,8,15,8,40,,,,,,,,,,,187
1700006,夜兔觉醒（弃用）,25%概率发动，攻击后吸收本次伤害21%的战力。,,,,,,,,,25,15,8,21,,,,,,,,,,,187
1700007,末日魂吸,12%概率发动，攻击后吸收本次伤害40%的战力。,,,,,,,,,12,15,8,40,,,,,,,,,,,38
1700008,邪恶摄取,怪物技能,,,,,,,,,25,15,8,22,,,,,,,,,,,155
1700009,噩梦投射,怪物技能,,,,,,,,,20,15,8,70,,,,,,,,,,,36
1700010,风林火山,10%概率发动一次无视防御的攻击，攻击后吸收本次伤害40%的战力。,,,,,,,,,10,15,8,40,,,,,,,1,,,,187
1700011,大夜场,合作技,,,,,,,,,20,1,8,60,,,,,,,,,,,68
1700012,光之降临,合作技,,,,,,,,,2,1,8,99,,,,,,,,,,,69
1700013,战力吸取,怪物技能,,,,,,,,,50,15,8,60,,,,,,,,,,,37
1700014,黑之吹息（弃用）,散播恐惧并剥夺受伤者的生命能量，7%概率发动，攻击后吸收本次伤害52%的战力。,,,,,,,,,7,15,8,52,,,,,,,,,,,3
1700015,奶茶加糖,15%概率发动，攻击后吸收本次伤害50%的战力。,,,,,,,,,15,15,8,50,,,,,,,,,,,20
1700016,两兵卫的谋略,7%概率发动，攻击后吸收本次伤害200%的战力。,,,,,,,,,7,3,8,200,,,,,,,,,,,97
1700017,时沙漏的守护,若上一回合被敌方击中，4%概率发动一次无法闪避的攻击，攻击后吸收本次伤害170%的战力。,2,,,,,,3,,4,5,8,170,,,,,,1,,,,,187
1700018,巨齿吞噬,怪物技能,,,,,,,,,12,99,8,100,,,,,,1,,,,,125
1700019,鲜血之噬,怪物技能,2,,,,,,3,,100,99,8,50,,,,,,1,,,,,155
1700020,喜上加喜,若上一回合未被敌方击中，4%概率发动一次无法闪避的攻击，攻击后吸收本次伤害80%的战力。,2,,,,,,4,,4,5,8,80,,,,,,1,,,,,187
1700021,说你好,若上一回合被敌方击中，3%概率发动一次无法闪避的攻击，攻击后吸收本次伤害100%的战力。,2,,,,,,3,,3,5,8,100,,,,,,1,,,,,97
1700022,脸好得认,若上一回合未被敌方击中，3%概率发动一次无法闪避的攻击，攻击后吸收本次伤害120%的战力。此攻击击中敌人时，敌人的下一次攻击只会造成1点伤害。,2,,,,,,4,,3,6,8,120,1,,,,1,1,,,,,3
1700023,龙之深吸,85%概率发动，攻击后吸收本次伤害75%的战力。此攻击击中敌人时，敌人发动概率低于5%的技能被封印1回合。,,,,,,,,,85,99,8,75,1,,,,,,,1,,5,140
1700024,纵横大海,若上一回合被敌方击中，5%概率发动一次无法闪避的攻击，攻击后吸收本次伤害100%的战力。,2,,,,,,3,,5,6,8,100,,,,,,1,,,,,187
1700025,摄魂夺魄,5%概率发动一次100%伤害的纯粹攻击，这个攻击无法闪避也无法减少伤害。攻击后吸收本次伤害80%的战力。先攻等级提高12。,,,,,,,,,5,6,8,80,,,,,,1,1,,,,69
1700026,家传拳脚功夫,10%概率造成200%的伤害，该攻击无视防御，回合数减5。攻击后吸收本次伤害80%的战力。王者等级提高4。,,,,,,,,,10,15,8,80,1,,,-5,,,1,,,,69
1800001,忠义之刺,12%概率发动，在攻击后恢复20%的当前战力。,,,,,,,,,12,4,9,20,,,,,,,,,,,140
1800002,元素神圣,11%概率发动，在攻击后恢复11%的当前战力。,,,,,,,,,11,4,9,11,,,,,,,,,,,140
1800003,自然祝福,13%概率发动，在攻击后恢复15%的当前战力。,,,,,,,,,13,4,9,15,,,,,,,,,,,138
1800004,技能有两种,15%概率发动，在攻击后恢复12%的当前战力。,,,,,,,,,15,4,9,12,,,,,,,,,,,138
1800005,暴乱念动力,25%概率发动，在攻击后恢复16%的当前战力。,,,,,,,,,25,4,9,16,,,,,,,,,,,139
1800006,噩梦突袭,怪物技能,,,,,,,,,25,4,9,16,,,,,,,,,,,138
1800007,大略暴风雨（弃用）,15%概率发动，在攻击后恢复35%的当前战力。防御等级提高5。,,,,,,,,,15,4,9,35,,,,,,,,,,,47
1800008,万花雨扇·发,80%概率发动，在攻击后恢复10%的当前战力。,,,,,,,,,80,1,9,10,,,,,,,,,,,138
1800009,蛮荒神启,4%概率发动，在攻击后恢复40%的当前战力。,,,,,,,,,4,1,9,40,,,,,,,,,,,104
1800010,发芽,怪物技能,,,,,,,,,30,4,9,40,,,,,,,,,,,83
1800011,疯狂生长,怪物技能,,,,,,,,,30,4,9,50,,,,,,,,,,,83
1800012,完美生长,怪物技能,,,,,,,,,30,4,9,60,,,,,,,,,,,83
1800013,教会我长大,4%概率发动，在攻击后恢复26%的当前战力。,,,,,,,,,4,4,9,26,,,,,,,,,,,139
1800014,三羊开泰,2%概率发动，在攻击后恢复41%的当前战力。该技能无法闪避。,,,,,,,,,2,1,9,41,,,,,,1,,,,,138
1800015,大蛇之荒,,,,,30,,,,,5,4,9,120,,,,,,1,1,,,,115
1800016,王之军势,6%概率发动，在攻击后恢复38%的当前战力。此攻击击中敌人时，敌人发动概率高于7%的技能被封印1回合。,,,,,,,,,6,4,9,38,1,,,,,,,1,7,,112
1800017,升级！,若上一回合未被敌方击中，100%概率发动，在攻击后恢复40%的当前战力。,2,,,,,,4,,100,99,9,40,,,,,,,,,,,104
1800018,纤云弄巧,10%概率发动，在攻击后恢复30%的当前战力。此攻击击中敌人时，敌人发动概率高于6%的技能被封印1回合。（部分怪物技能无法被封印）,,,,,,,,,10,4,9,30,1,,,,,,,1,6,101,112
1800019,热爱电竞,20%概率发动，在攻击后恢复20%的当前战力。防御等级提高4，闪避等级提高4。,,,,,,,,,20,15,9,20,,,,,,,,,,,47
1800020,漆黑符咒,怪物技能,,,,,,,,,60,99,9,45,,,,,,1,1,,,,104
1800021,绝唱空城,怪物技能,,,,,,,,,100,1,9,-40,1,,,,3,1,,,,,103
1800022,大宇云天,怪物技能,,,,,,,,,100,2,9,40,1,,,,1,,,,,,113
1800023,双股剑,怪物技能,,,,,,,,,40,10,9,35,,,,,,1,,,,,132
1800024,圣光护佑,己方战力高于40%时，6%概率发动，在攻击后恢复40%的当前战力。防御等级提高5，闪避等级提高5。,,,40,,,,,,6,3,9,40,,,,,,,,,,,103
1800025,善变的猫,己方战力高于100%时，8%概率发动，在攻击后恢复20%的当前战力。己方战力低于于100%时，4%概率发动，在攻击后恢复20%的总战力。,,,100,,,,,,8,4,9,20,,,,,,,,,,,112
1800026,治疗之环,己方战力高于50%，12%概率发动，在攻击后恢复30%的当前战力，己方战力低于50%时，6%概率发动，在攻击后恢复30%的总战力。,,,50,,,,,,12,2,9,30,,,,,,,,,,,112
1800027,天空之剑,高于20回合时，10%概率发动，在攻击后提高己方战力，提高值是己方50%的当前战力。,20,,,,,,,,10,7,9,50,,,,,,,,,,,103
1800028,机车万岁,5%概率发动，在攻击后恢复35%的当前战力。该技能无法闪避。此攻击击中敌人时，敌人发动概率低于6%的技能被封印1回合。,,,,,,,,,5,4,9,35,,,,,,1,,1,,6,104
1800029,对弈之道,己方战力高于30%且高于敌方战力时，8%概率发动，在攻击后恢复20%的当前战力。己方战力低于敌方战力且敌方战力高于30%时，15%概率发动，在攻击后提高战力，提高值是敌方20%当前战力。闪避等级提高5。,,,30,,,,,1,8,5,9,20,,,,,,,,,,,104
1900001,感慨人生,4%概率发动，在攻击后恢复10%的总战力。听听老年人的话，你会有所收获呀。,,,,,,,,,4,4,10,10,,,,,,,,,,,138
1900002,生产牛奶,3%概率发动，在攻击后恢复12%的总战力。多喝牛奶身体棒。,,,,,,,,,3,4,10,12,,,,,,,,,,,138
1900003,骑士战歌,6%概率发动，在攻击后恢复10%的总战力。,,,,,,,,,6,4,10,10,,,,,,,,,,,147
1900004,生命之雨,5%概率发动，在攻击后恢复25%的总战力。,,,,,,,,,5,4,10,25,,,,,,,,,,,138
1900005,心灵之泉,12%概率发动，在攻击后恢复11%的总战力。,,,,,,,,,12,4,10,11,,,,,,,,,,,31
1900006,闪耀加护,10%概率发动，在攻击后恢复17%的总战力。,,,,,,,,,10,4,10,17,,,,,,,,,,,30
1900007,上古神秘之力,己方战力低于25%时80%概率发动，在攻击后恢复60%的总战力。,,,,25,,,,,80,1,10,60,,,,,,,,,,,61
1900008,汤圆之力,1%概率发动，在攻击后恢复100%的总战力。多吃汤圆。,,,,,,,,,1,1,10,100,,,,,,,,,,,70
1900009,自检修代码,己方战力低于50%时30%概率发动，在攻击后恢复20%的总战力。,,,,50,,,,,30,1,10,20,,,,,,,,,,,138
1900010,神策,7%概率发动，在攻击后恢复15%的总战力。此攻击击中敌人时，敌人发动概率高于7%的技能被封印1回合（发动率高于45%的技能豁免）。,,,,,,,,,7,4,10,15,1,,,,,,,1,7,45,109
1900011,不死魔女,3%概率发动，在攻击后恢复35%的总战力。,,,,,,,,,3,4,10,35,,,,,,,,,,,78
1900012,巨人之力,2%概率发动，在攻击后恢复42%的总战力。,,,,,,,,,2,1,10,42,,,,,,,,,,,114
1900013,传说二人组,当己方生命低于13%时，30%概率发动，在攻击后恢复28%的总战力。,,,,13,,,,,30,3,10,28,,,,,,,,,,,114
1900014,节操满地,8%概率发动，在攻击后恢复16%的总战力。,,,,,,,,,8,10,10,16,,,,,,,,,,,105
1900015,影分身,2%概率发动，在攻击后恢复32%的总战力。,,,,,,,,,2,2,10,32,,,,,,,,,,,92
1900016,变身,怪物技能 生命值*10,,,,,,,,,100,1,10,900,,,,,,,,,,,85
1900017,二段变身,怪物技能,,,,,,25,,,100,1,10,9000,,,,,,,,,,,86
1900018,政母大人,5%概率发动，在攻击后恢复21%的总战力。,,,,,,,,,5,4,10,21,,,,,,,,,,,139
1900019,骄傲的长公主,5%概率发动，在攻击后恢复12%的总战力。,,,,,,,,,5,4,10,12,,,,,,,,,,,149
1900020,祝福之铃,2%概率发动，在攻击后恢复31%的总战力。,,,,,,,,,2,4,10,31,,,,,,,,,,,159
1900021,奇迹突进,己方战力低于150%时，12%概率发动，在攻击后恢复17%的总战力。,,,,150,,,,,12,1,10,17,,,,,,,,,,,160
1900022,顽石生长,15%概率发动，在攻击后恢复36%的总战力。,,,,,,,,,15,2,10,36,,,,,,,,,,,139
1900023,九阴真经,怪物技能,,,,101,,,,,100,3,10,55,,,,,,,,,,,178
1900024,大略暴风雨,8%概率发动，在攻击后恢复30%的总战力。防御等级提高5。,,,,,,,,,8,4,10,30,,,,,,,,,,,47
1900025,王之理想乡,3%概率发动，在攻击后恢复50%的总战力。防御等级提高10。,,,,,,,,,3,4,10,50,,,,,,,,,,,47
1900026,魔王与魔女,5%概率发动，在攻击后恢复40%的总战力。防御等级提高6，闪避等级提高6。,,,,,,,,,5,4,10,40,,,,,,,,,,,47
1900027,奔月,战斗回合高于8回时，15%概率发动，在攻击后恢复30%的总战力。,8,,,,,,,,15,1,10,30,,,,,,,,,,,92
1900028,守护者之力1,100%概率发动，在攻击后恢复17%的总战力。该攻击无法闪避。,,,,,,,,,100,10,10,17,,,,,,1,,,,,189
1900029,守护者之护2,40%概率发动，在攻击后恢复28%的总战力。该攻击无视防御。,,,,,,,,,40,10,10,28,,,,,,,1,,,,144
1900030,理想乡,若上回合未击中敌人，100%概率发动，在攻击后恢复60%的总战力。（该技能无法被封印）,2,,,,,,2,,110,10,10,60,,,,,,,,,,,117
1900031,剑鞘,100%概率发动，在攻击后恢复20%的总战力。（该技能无法被封印）,,,,,,,,,110,10,10,20,,,,,,,,,,,118
1900032,隆中对,怪物技能,,,,,,,,,100,2,10,25,,,,,,,,,,,139
1900033,续命,怪物技能,,,,,,,,,100,10,10,15,,,,,,1,1,,,,139
1900034,零技之础,4%概率发动，在攻击后恢复28%的总战力。己方战力低于20%，2%概率发动三籁之布阵，在攻击后恢复35%的总战力，三籁之布阵击中敌人时，敌人发动概率低于5%的技能被封印1回合。,,,,,,,,,4,4,10,28,,,,,,,,,,,92
1900035,三籁之布阵,,,,,20,,,,,2,4,10,35,1,,,,,,,1,,5,92
1900036,不屈斗志,己方战力低于20%时，10%概率发动，在攻击后恢复35%的总战力。,,,,20,,,,,10,4,10,35,,,,,,,,,,,189
1900037,先发制人,战斗回合低于5回时，5%概率发动，在攻击后恢复25%的总战力。,,5,,,,,,,5,4,10,25,,,,,,,,,,,118
1900038,常伴吾身,2%概率发动，在攻击后恢复40%的总战力。闪避等级提高8。,,,,,,,,,2,4,10,40,,,,,,,,,,,117
1900039,善变的猫,己方战力高于100%时，8%概率发动，在攻击后恢复20%的当前战力。己方战力低于于100%时，4%概率发动，在攻击后恢复20%的总战力。,,,,100,,,,,4,4,10,20,,,,,,,,,,,112
1900040,守护手镯,己方战力高于50%时，7%概率触发一次100%伤害的纯粹攻击，这个攻击无法闪避也无法减少伤害。己方战力低于50%时，4%的概率发动技能“守护手镯”，在攻击后恢复25%的总战力。先攻等级提高10。,,,,50,,,,,4,4,10,25,,,,,,,,,,,189
1900041,身体改造,战斗回合低于7回时，3%概率发动，在攻击后恢复35%的总战力。战斗回合高于6回时，5%概率造成暴击，暴击时造成220%的伤害且对方无法闪避。王者等级提高2。,,7,,,,,,,3,4,10,35,,,,,,,,,,,117
1900042,真.治疗之环,己方战力高于50%，12%概率发动，在攻击后恢复30%的当前战力，己方战力低于50%时，6%概率发动，在攻击后恢复30%的总战力。,,,,50,,,,,6,2,10,30,,,,,,,,,,,117
1900043,S.L.B,己方战力低于300%时，6%概率发动，在攻击后恢复30%的总战力。己方战力高于300%时，6%概率触发一次108%伤害的纯粹攻击，这个攻击无法闪避也无法减少伤害。,,,,301,,,,,6,4,10,30,,,,,,,,,,,117
1900044,视线诱导,4%概率发动，在攻击后恢复32%的总战力。己方战力低于20%，2%概率发动逆向视线诱导，在攻击后恢复40%的总战力，逆向视线诱导击中敌人时，敌人发动概率低于5%的技能被封印1回合。,,,20,,,,,,4,4,10,32,,,,,,,,,,,92
1900045,逆向视线诱导,,,,,20,,,,,2,4,10,40,1,,,,,,,1,,5,92
1900046,鬼之守护,己方战力低于20%时，20%概率发动，在攻击后恢复30%的总战力。,,,,20,,,,,20,1,10,30,,,,,,,,,,,61
1900047,泪水,己方战力低于20%，30%概率发动，在攻击后恢复15%的总战力，该攻击无法闪避。此攻击击中敌人时，敌人的下一次攻击只会造成1点伤害。闪避等级提高5。,,,,20,,,,,30,1,10,15,1,,,,1,1,,,,,139
1900048,塔主续1S,回合数高于12，己方战力低于200%时，必定发动，在攻击后恢复80%的总战力，这个攻击无法闪避也无法减少伤害。,12,,,200,,,,,110,99,10,80,,,,,1,1,,,,,118
1900049,小樱牌,己方战力低于150%时，10%概率发动一次100%的纯粹伤害，攻击后提高己方战力，提高值是己方30%总战力。防御等级提高5。,,,,150,,,,,10,2,10,30,,,,,1,1,,,,,61
2000001,镜像实体,复制一些敌人加入我方。7%概率发动，在攻击后提高己方战力，提高值是敌方13%的当前战力。,,,,,,,,,7,4,11,13,,,,,,,,,,,139
2000002,无常之水,8%概率发动，在攻击后提高己方战力，提高值是敌方13%的当前战力。在攻击时，敌人仿佛看见了他自己。,,,,,,,,,8,4,11,13,,,,,,,,,,,139
2000003,原始神圣,20%概率发动，在攻击后提高己方战力，提高值是敌方13%的当前战力。,,,,,,,,,20,4,11,13,,,,,,,,,,,174
2000004,时间洪流,怪物技能,,,,,,,,,40,4,11,15,,,,,,,,,,,191
2000005,星辰征服者,20%概率发动，在攻击后提高己方战力，提高值是敌方15%的当前战力。,,,,,,,,,20,4,11,15,,,,,,,,,,,173
2000006,烟囱王,偶尔会爬进烟囱的怪老头，10%概率发动，在攻击后提高己方战力，提高值是敌方18%的当前战力。防御等级提高3,,,,,,,,,10,4,11,18,,,,,,,,,,,181
2000007,双翼风雷,10%概率发动，在攻击后提高己方战力，提高值是敌方12%的当前战力。此攻击击中敌人时，敌人发动率高于8%的技能被封印1回合。（发动率高于15%的技能豁免）,,,,,,,,,10,4,11,12,1,,,,,,,1,8,16,139
2000008,时尚浪潮,30%概率发动，在攻击后提高己方战力，提高值是敌方20%的当前战力。此攻击击中敌人时，敌人发动率低于10%的技能被封印1回合。,,,,,,,,,30,1,11,20,1,,,,,,,1,,10,174
2000009,九段变形,18%概率发动，在攻击后提高己方战力，提高值是敌方22%的当前战力。,,,,,,,,,18,6,11,22,,,,,,,,,,,92
2000010,暗淡锋芒,怪物技能,,,,,,,,,10,3,11,25,1,,,,,,,1,5,,191
2000011,力挽狂澜,9%概率发动，在攻击后提高己方战力，提高值是敌方25%的当前战力。闪避等级提高5，防御等级提高5。,,,,,,,,,9,6,11,25,,,,,,,,,,,47
2000012,百战不殆,100%概率发动，在攻击后提高己方战力，提高值是敌方25%的当前战力。（该技能无法被封印）,,,,,,,,,110,99,11,25,,,,,,,,,,,139
2000013,永恒胜利,若上回合未击中敌人，100%概率发动，在攻击后提高己方战力，提高值是敌方50%的当前战力。（该技能无法被封印）,2,,,,,,2,,110,99,11,50,,,,,,,,,,,139
2000014,高速反物质粒子,15%概率发动，在攻击后提高己方战力，提高值是敌方23%的当前战力。,,,,,,,,,15,5,11,23,,,,,,,,,,,47
2000015,自然滋养,40%概率触发，提高敌方25%的当前战力,,,,,,,,,40,99,11,25,,,,,,,,,,,139
2000016,对弈之道,,,,,,30,,,2,15,5,11,20,,,,,,,,,,,47
2100001,自然协调,12%概率发动，在攻击后提高己方战力，提高值是敌方5%的总战力。,,,,,,,,,12,4,12,5,,,,,,,,,,,138
2100002,噩梦凝视,14%概率发动，在攻击后提高己方战力，提高值是敌方5%的总战力。,,,,,,,,,14,4,12,5,,,,,,,,,,,179
2100003,剑之禁断,6%概率发动，在攻击后提高己方战力，提高值是敌方10%的总战力。,,,,,,,,,6,4,12,10,,,,,,,,,,,167
2100004,百万重力,30%概率发动，在攻击后提高己方战力，提高值是敌方9%的总战力。,,,,,,,,,30,4,12,9,,,,,,,,,,,54
2100005,黑暗复原,怪物技能,,,,50,,,,,30,1,12,40,,,,,,,,,,,56
2100006,时间溯行,8%概率发动，在攻击后提高己方战力，提高值是敌方15%的总战力。闪避等级提高9。,,,,,,,,,8,4,12,15,,,,,,,,,,,82
2100007,大命鬼谋,己方战力低于15%时，10%概率发动，在攻击后提高己方战力，提高值是敌方14%的总战力。,,,,15,,,,,10,4,12,14,,,,,,,,,,,167
2100008,再嫁,13%概率发动，在攻击后提高己方战力，提高值是敌方6%的总战力。,,,,,,,,,13,4,12,6,,,,,,,,,,,20
2100009,kiss,8%概率发动，在攻击后提高己方战力，提高值是敌方10%的总战力。,,,,,,,,,8,15,12,10,,,,,,,,,,,20
2100010,天选之王,5%概率发动，在攻击后提高己方战力，提高值是敌方12%的总战力。闪避等级提高6。,,,,,,,,,5,4,12,12,,,,,,,,,,,82
2100011,捣药,5%概率发动，在攻击后提高己方战力，提高值是敌方20%的总战力。闪避等级提高6，防御等级提高3。,,,,,,,,,5,4,12,20,,,,,,,,,,,82
2100012,船医上船,己方战力低于20%时50%概率发动，在攻击后提高己方战力，提高值是敌方20%的总战力。,,,,20,,,,,50,1,12,20,,,,,,,,,,,92
2100013,义贼团,8%概率发动，在攻击后提高己方战力，提高值是敌方8%的总战力。,,,,,,,,,8,15,12,8,,,,,,,,,,,20
2100014,凤凰复生,8%概率发动，在攻击后提高己方战力，提高值是敌方13%的总战力。,,,,,,,,,8,8,12,13,,,,,,,,,,,20
2100015,无定,3%概率发动，在攻击后提高己方战力，提高值是敌方25%的总战力。闪避等级提高3，王者等级提高3。,,,,,,,,,3,4,12,25,,,,,,,,,,,54
2200001,荆棘缠绕,5%概率触发一次100%伤害的纯粹攻击，这个攻击无法闪避也无法减少伤害。,,,,,,,,,5,10,13,100,,,,,,1,1,,,,40
2200002,永恒梦境,敌方战力低于60%时，8%概率触发一次100%伤害的纯粹攻击，这个攻击无法闪避也无法减少伤害。,,,,,,60,,,8,10,13,100,,,,,,1,1,,,,39
2200003,诸神黄昏,8%概率触发一次100%伤害的纯粹攻击，这个攻击无法闪避也无法减少伤害。,,,,,,,,,8,1,13,100,,,,,,1,1,,,,49
2200004,必灭的黄蔷薇,6%概率触发一次100%伤害的纯粹攻击，这个攻击无法闪避也无法减少伤害。,,,,,,,,,6,1,13,100,,,,,,1,1,,,,35
2200005,染血之瞳,8%概率触发一次100%伤害的纯粹攻击，这个攻击无法闪避也无法减少伤害。,,,,,,,,,8,1,13,100,,,,,,1,1,,,,50
2200006,赫格尼之剑 ,10%概率触发一次108%伤害的纯粹攻击，这个攻击无法闪避也无法减少伤害。,,,,,,,,,10,1,13,108,,,,,,1,1,,,,51
2200007,契约之咏唱,战斗回合高于6时，50%概率触发一次100%伤害的纯粹攻击，这个攻击无法闪避也无法减少伤害。,6,,,,,,,,50,10,13,100,,,,,,1,1,,,,52
2200008,扭曲虚空,怪物技能,,,,,,,,,30,10,13,100,,,,,,1,1,,,,55
2200009,水袖乾坤,4%概率触发一次100%伤害的纯粹攻击，这个攻击无法闪避也无法减少伤害。,,,,,,,,,4,10,13,100,,,,,,1,1,,,,190
2200010,真龙召唤,6%概率触发一次100%伤害的纯粹攻击，这个攻击无法闪避也无法减少伤害。,,,,,,,,,6,10,13,100,,,,,,1,1,,,,21
2200011,奥丁铁剑,战斗回合高于4时，11%概率触发一次105%伤害的纯粹攻击，这个攻击无法闪避也无法减少伤害。,4,,,,,,,,11,10,13,105,,,,,,1,1,,,,59
2200012,鬼兵队,10%概率触发一次100%伤害的纯粹攻击，这个攻击无法闪避也无法减少伤害。,,,,,,,,,10,10,13,100,,,,,,1,1,,,,15
2200013,王之理想乡,合体技,,,,,,,,,3,1,13,110,,,,,,1,1,,,,71
2200014,永恒之息,合体技,,,,,,,,,5,1,13,115,,,,,,1,1,,,,72
2200015,鸡王之王,合体技,,,,,,,,,10,10,13,120,,,,,,1,1,,,,73
2200016,光破斩,怪物技能,,,,,,,,,33,10,13,100,,,,,,1,1,,,,33
2200017,魔古尔之剑,6%概率触发一次110%伤害的纯粹攻击，这个攻击无法闪避也无法减少伤害。,,,,,,,,,6,10,13,110,,,,,,1,1,,,,74
2200018,怒火激将,9%概率触发一次110%伤害的纯粹攻击，这个攻击无法闪避也无法减少伤害。,,,,,,,,,9,1,13,110,,,,,,1,1,,,,75
2200019,笤帚乱舞,12%概率触发一次100%伤害的纯粹攻击，这个攻击无法闪避也无法减少伤害。防御等级提高5。,,,,,,,,,12,10,13,100,,,,,,1,1,,,,79
2200020,王之力,己方战力低于35%时，10%概率触发一次125%伤害的纯粹攻击，这个攻击无法闪避也无法减少伤害。,,,,35,,,,,10,10,13,125,,,,,,1,1,,,,80
2200021,镇魂曲,5%概率触发一次120%伤害的纯粹攻击，这个攻击无法闪避也无法减少伤害。防御等级提高4。,,,,,,,,,5,1,13,120,,,,,,1,1,,,,81
2200022,魔王与魔女,8%概率触发一次112%伤害的纯粹攻击，这个攻击无法闪避也无法减少伤害。,,,,,,,,,8,10,13,112,,,,,,1,1,,,,15
2200023,根须缠绕,怪物技能,,,,,,,,,40,100,13,95,,,,,,1,1,,,,84
2200024,誓约胜利之剑,10%概率触发一次102%伤害的纯粹攻击，这个攻击无法闪避也无法减少伤害。王者等级提高5,,,,,,,,,10,10,13,102,,,,,,1,1,,,,88
2200025,斗战圣佛,10%概率触发一次102%伤害的纯粹攻击，这个攻击无法闪避也无法减少伤害。防御等级提高6,,,,,,,,,10,10,13,102,,,,,,1,1,,,,9
2200026,门徒遍地,7%概率触发一次105%伤害的纯粹攻击，这个攻击无法闪避也无法减少伤害。王者等级提高3,,,,,,,,,7,10,13,105,,,,,,1,1,,,,90
2200027,三河魂,6%概率触发一次105%伤害的纯粹攻击，这个攻击无法闪避也无法减少伤害。,,,,,,,,,6,10,13,105,,,,,,1,1,,,,190
2200028,薄命军师,战斗回合高于5时，100%概率发动一次纯粹攻击，这个攻击无法闪避也无法减少伤害。,5,,,,,,,,100,1,13,100,,,,,,1,1,,,,152
2200029,三连旋转机枪,5%概率触发一次115%伤害的纯粹攻击，这个攻击无法闪避也无法减少伤害。此攻击击中敌人时，敌人发动概率低于6%的技能被封印1回合。,,,,,,,,,5,1,13,115,1,,,,,1,1,1,,6,100
2200030,上帝呢喃,4%概率触发一次90%伤害的纯粹攻击，这个攻击无法闪避也无法减少伤害。此攻击击中敌人时，敌人的下一次攻击只会造成1点伤害。,,,,,,,,,4,6,13,90,1,,,,1,1,1,,,,176
2200031,魔法束缚,若上一回合未命中敌方，9%概率发动一次80%伤害的纯粹攻击，此攻击击中敌人时，敌人的下一次攻击只会造成1点伤害。,2,,,,,,2,,9,6,13,80,1,,,,1,1,1,,,,161
2200032,光之剑,8%概率触发一次纯粹攻击，这个攻击无法闪避也无法减少伤害。此攻击击中敌人时，敌人发动概率低于3%的技能被封印1回合。,,,,,,,,,8,6,13,100,1,,,,,1,1,1,,3,116
2200033,真八稚女,7%概率触发一次103%伤害的纯粹攻击。己方战力低于30%时，1%概率触发梦月之洗礼，造成一次206%伤害的纯粹攻击。,,,,,,,,,7,6,13,103,,,,,,1,1,,,,184
2200034,梦月之洗礼,,,,,30,,,,,1,6,13,206,,,,,,1,1,,,,185
2200035,大蛇之灭,5%概率触发一次纯粹攻击，己方战力低于30%时，5%概率触发大蛇之荒，造成一次纯粹攻击，在攻击后恢复120%的当前战力。王者等级提高2,,,,,,,,,5,6,13,100,,,,,,1,1,,,,180
2200036,以太猎刃,110%概率触发一次纯粹攻击，这个攻击无法闪避也无法减少伤害。,,,150,,,,,,110,6,13,100,,,,,,1,1,,,,184
2200037,藤蔓鞭挞,怪物技能,,,,,,,,,40,6,13,105,,,,,,1,1,,,,120
2200038,麻痹之噬,怪物技能,2,,,,,,4,,100,99,13,100,1,,,,,1,1,1,,16,180
2200039,无畏打击,5%概率触发一次105%伤害的纯粹攻击，这个攻击无法闪避也无法减少伤害。,,,,,,,,,5,1,13,105,,,,,,1,1,,,,150
2200040,时代的怪兽,2%概率触发一次100%伤害的纯粹攻击，这个攻击无法闪避也无法减少伤害。王者等级提高3。,,,,,,,,,2,6,13,100,,,,,,1,1,,,,162
2200041,化身亿万,1%概率触发一次150%伤害的纯粹攻击，这个攻击无法闪避也无法减少伤害。王者等级提高3,,,,,,,,,1,15,13,150,,,,,,1,1,,,,91
2200042,雷神之锥,30%概率触发一次75%伤害的纯粹攻击，这个攻击无法闪避也无法减少伤害。,,,,,,,,,30,15,13,75,,,,,,1,1,,,,169
2200043,刀狩令,3%概率触发一次115%伤害的纯粹攻击，这个攻击无法闪避也无法减少伤害。此攻击击中敌人时，敌人的下一次攻击只会造成1点伤害。,,,,,,,,,3,15,13,115,1,,,,1,1,1,,,,96
2200044,黑之吹息,8%概率触发一次102%伤害的纯粹攻击，这个攻击无法闪避也无法减少伤害。,,,,,,,,,8,15,13,102,,,,,,1,1,,,,95
2200045,命运铁王座,合体技,,,,,,,,,10,1,13,120,,,,,,1,1,,,,73
2200046,封号套餐,2%概率触发一次130%伤害的纯粹攻击，这个攻击无法闪避也无法减少伤害。此攻击击中敌人时，敌人发动概率低于10%的技能被封印1回合。,,,,,,,,,2,1,13,130,1,,,,,1,1,1,,10,96
2200047,十万伏特,5%概率触发一次110%伤害的纯粹攻击，这个攻击无法闪避也无法减少伤害。此攻击击中敌人时，敌人发动概率低于5%的技能被封印1回合。王者等级提高3。,,,,,,,,,5,5,13,110,1,,,,,1,1,1,,5,95
2200048,童年回忆,若上一回合未命中敌方，30%概率发动一次80%伤害的纯粹攻击，此攻击击中敌人时，敌人的下一次攻击只会造成1点伤害。,2,,,,,,2,,30,2,13,80,1,,,,1,1,1,,,,100
2200049,绝地反击,己方战力低于20%时，4%概率触发一次160%伤害的纯粹攻击，这个攻击无法闪避也无法减少伤害。,,,,20,,,,,4,10,13,160,,,,,,1,1,,,,73
2200050,若奉孝在,2%概率触发一次100%伤害的纯粹攻击，这个攻击无法闪避也无法减少伤害。此攻击击中敌人时，敌人发动概率低于80%的技能被封印1回合。,,,,,,,,,2,10,13,100,1,,,,,1,1,1,,80,90
2200051,哎呦，不错哟,25%概率触发一次100%伤害的纯粹攻击，这个攻击无法闪避也无法减少伤害。,,,,,,,,,25,1,13,100,,,,,,1,1,,,,91
2200052,阵列冲刺,25%概率触发一次125%伤害的纯粹攻击，这个攻击无法闪避也无法减少伤害。,,,,,,,,,25,5,13,125,,,,,,1,1,,,,29
2200053,惊悚恸哭,75%概率触发一次100%伤害的纯粹攻击，这个攻击无法闪避也无法减少伤害。,,,,,,,,,75,9,13,100,,,,,,1,1,,,,55
2200054,万箭齐发,怪物技能,,,,,,,,,80,100,13,100,,,,,,1,1,,,,135
2200055,伐逆,怪物技能,,,,,,,,,30,100,13,100,,,,,,1,1,,,,34
2200056,炎帝,15%概率触发一次100%伤害的纯粹攻击，这个攻击无法闪避也无法减少伤害。王者等级提高4。,,,,,,,,,15,10,13,100,,,,,,1,1,,,,135
2200057,老夫子,10%概率触发一次100%伤害的纯粹攻击，这个攻击无法闪避也无法减少伤害。王者等级提高2。,,,,,,,,,10,10,13,100,,,,,,1,1,,,,34
2200058,寒裘,7%概率触发一次105%伤害的纯粹攻击，这个攻击无法闪避也无法减少伤害。先攻等级提高3，防御等级提高3。,,,,,,,,,7,10,13,105,,,,,,1,1,,,,91
2200059,生长打击,5%概率触发一次105%伤害的纯粹攻击，这个攻击无法闪避也无法减少伤害。,,,,,,,,,5,10,13,105,,,,,,1,1,,,,162
2200060,神剑,己方战力高于50%时，7%概率触发一次100%伤害的纯粹攻击。己方战力低于50%时，4%的概率发动技能“守护手镯”，在攻击后恢复25%的总战力。先攻等级提高10。,,,50,,,,,,7,10,13,100,,,,,,1,1,,,,135
2200061,开始最强,当回合数为1时，4%的概率触发一次200%伤害的纯粹攻击，这个攻击无法闪避也无法减少伤害。王者等级提升4。,,2,,,,,,,4,10,13,200,,,,,,1,1,,,,162
2200062,葫芦,若上回合击中敌人，5%概率触发一次108%伤害的纯粹攻击，若上回合未击中敌人，有4%概率触发一次115%伤害的纯粹攻击，纯粹攻击无法闪避也无法减少伤害。,2,,,,,,1,,5,10,13,108,,,,,,1,1,,,,73
2200063,怒火葫芦,若上回合击中敌人，5%概率触发一次108%伤害的纯粹攻击，若上回合未击中敌人，有4%概率触发一次115%伤害的纯粹攻击，纯粹攻击无法闪避也无法减少伤害。,2,,,,,,2,,4,10,13,115,,,,,,1,1,,,,96
2200064,小霸王,8%概率触发一次110%伤害的纯粹攻击，这个攻击无法闪避也无法减少伤害。你每拥有40防御等级增加1王者等级，王者等级最多提升8。,,,,,,,,,8,10,13,110,,,,,,1,1,,,,169
2200065,正义之剑,5%概率触发一次125%伤害的纯粹攻击，这个攻击无法闪避也无法减少伤害。同时回合数增加5回合,,,,,,,,,5,10,13,125,1,,,5,,1,1,,,,169
2200066,守卫之剑,2%概率触发一次100%伤害的纯粹攻击，这个攻击无法闪避也无法减少伤害。,,,,,,,,,2,10,13,100,,,,,,1,1,,,,169
2200067,永恒混沌,8%概率触发一次120%伤害的纯粹攻击，这个攻击无法闪避也无法减少伤害，回合数减5。王者等级提高7点。,,,,,,,,,8,10,13,120,1,,,-5,,1,1,,,,96
2200068,麒麟臂,13%概率触发一次纯粹攻击，这个攻击无法闪避也无法减少伤害。,,,,,,,,,13,10,13,100,,,,,,1,1,,,,96
2200069,智商碾压,10%概率触发一次100%伤害的纯粹攻击，攻击无法闪避及减伤。击中时，敌人下两次攻击仅造成1点伤害，且敌人技能被封印2回合。王者等级提高5。永久享受合战特权。,,,,,,,,,10,1,13,100,1,,,,2,1,1,2,,101,169
2200070,断耳射击,8%概率触发一次105%伤害的纯粹攻击，这个攻击无法闪避也无法减少伤害。,,,,,,,,,8,10,13,105,,,,,,1,1,,,,96
2200071,虐杀,8%概率触发一次120%伤害的纯粹攻击，这个攻击无法闪避也无法减少伤害，回合数减5。王者等级提高7。,,,,,,,,,8,10,13,120,1,,,-5,,1,1,,,,96
2200072,黄金箭·光速,8%概率触发一次120%伤害的纯粹攻击，这个攻击无法闪避也无法减少伤害，回合数减5。王者等级提高7。,,,,,,,,,8,10,13,120,1,,,-5,,1,1,,,,96
2200073,S.L.B,己方战力低于300%时，6%概率发动，在攻击后恢复30%的总战力。己方战力高于300%时，6%概率触发一次108%伤害的纯粹攻击，这个攻击无法闪避也无法减少伤害。,,,300,,,,,,6,10,13,108,,,,,,1,1,,,,96
2200074,美少年,7%概率触发一次30%伤害的纯粹攻击，攻击无法闪避及减伤。击中时，敌人下次攻击仅造成1点伤害，且敌人技能被封印1回合。王者等级提高8。,,,,,,,,,7,1,13,30,1,,,,1,1,1,1,,101,96
2200075,屠龙,己方战力高于10%时，3%概率触发一次150%伤害的纯粹攻击。己方战力低于10%时，5%概率造成暴击，暴击时造成400%的伤害且对方无法闪避。王者等级提高5。,,,10,,,,,,3,2,13,150,,,,,,1,1,,,,73
2200076,我说了算,若上一回合未命中敌方，9%概率发动一次80%伤害的纯粹攻击，此攻击击中敌人时，敌人的下一次攻击只会造成1点伤害。,2,,,,,,2,,9,6,13,80,1,,,,1,1,1,,,,161
2200077,姐妹,4%概率发动一次150%伤害的纯粹攻击，这个攻击无法闪避也无法减少伤害。王者等级提高8。,,,,,,,,,4,1,13,150,,,,,,1,1,,,,176
2200078,招荡黄金剧场,己方战力高于20%时，4%概率触发一次110%伤害的纯粹攻击，击中敌人时，发动概率高于9%低于16%的技能被封印1回合。己方战力低于20%时，3%概率造成420%暴击，对方无法闪避。王者等级提高6。,,,20,,,,,,4,2,13,110,1,,,,,1,1,1,9,16,34
2200079,科学麻将,20%概率触发一次40%伤害的纯粹攻击，这个攻击无法闪避也无法减少伤害。此攻击击中敌人时，敌人发动概率低于12%的技能被封印1回合。,,,,,,,,,20,1,13,40,1,,,,,1,1,1,,12,73
2200080,魔王降临,若上一回合被敌方击中，16%概率触发一次105%伤害的纯粹攻击，这个攻击无法闪避也无法减少伤害。王者等级提高6。,,,,,,,3,,16,10,13,105,,,,,,1,1,,,,34
2200081,无我.武士,己方战力高于20%，10%概率造成暴击，暴击时造成200%的伤害且对方无法闪避。己方战力低于20%时，1%概率触发一次200%伤害的纯粹攻击。先攻等级提高10。,,,,20,,,,,1,1,13,200,,,,,,1,1,,,,91
2200082,零式,2%概率发动一次10%伤害的纯粹攻击，这个攻击无法闪避也无法减少伤害。此攻击击中敌人时，敌人的下两次攻击只会造成1点伤害。王者等级提高5。,,,,,,,,,2,2,13,10,1,,,,2,1,1,,,,95
2200083,热血无敌,2%概率发动一次200%伤害的纯粹攻击，这个攻击无法闪避也无法减少伤害。防御等级提高12。,,,,,,,,,2,1,13,200,,,,,,1,1,,,,96
2200084,老树拔根,60%概率造成100%纯粹伤害,,,,,,,,,60,99,13,50,,,,,,1,1,,,,73
2200085,棋枰对决,,20,,,,,,,,1,1,13,180,,,,,,1,1,,,,96
2200086,塔主的反击,第2回合时，己方战力低于40%，必定触发一次90%伤害的纯粹攻击，这个攻击无法闪避也无法减少伤害。此攻击击中敌人时，敌人的所有技能被封印3回合。,1,3,,40,,,,,110,1,13,90,1,,,,,1,1,3,,101,169
2200087,塔主的先手,第1回合时，必定触发一次30%伤害的纯粹攻击，这个攻击无法闪避也无法减少伤害。此攻击击中敌人时，敌人的所有技能被封印2回合。,,2,,,,,,,110,1,13,30,1,,,,,1,1,2,,101,169
2200088,塔主的蔑视,战斗回合高于2，低于8时，必定触发一次50%伤害的纯粹攻击，这个攻击无法闪避也无法减少伤害。,,8,,,,,,,110,99,13,50,,,,,,1,1,,,,169
2200089,塔主的平A,战斗回合高于7时，必定触发一次100%伤害的纯粹攻击，这个攻击无法闪避也无法减少伤害。,,,,,,,,,110,99,13,100,,,,,,1,1,,,,169
2200090,青藤纹样,己方战力高于50%时，6%概率触发100%伤害的纯粹伤害，封印敌人低于6%概率技能一回合； 己方战力低于50%时，8%概率触发85%伤害的纯粹伤害，虚弱敌人一回合，限制1次。王者等级提高5。永久享受合战特权。,,,50,,,,,,6,1,13,100,1,,,,,1,1,1,,6,96
2200091,青藤纹样,,,,,50,,,,,8,1,13,85,1,,,,1,1,1,,,,34
,,,,,,,,,,,,,,,,,,,,,,,,,
2300001,写轮眼,战斗回合高于4时，5%概率复制敌方上一次的攻击方式并施放。,4,,,,,,,,5,10,14,0,,,,,,,,,,,89
2300002,万花筒写轮眼,己方战力低于99%时，4%概率复制敌方上一次的攻击方式并施放。先攻等级提高12,,,,99,,,,,4,10,14,0,,,,,,,,,,,102
2300003,圣诞快乐,战斗时一定概率施放这个技能，若你在好友向你发起切磋时发动该技能，你将获得1个圣诞铃铛。他将获得20血钻。发红包啦！,,,,,,,,,7,1,15,100,,,,,,,,,,,176
2300004,学舌,战斗回合高于10时，10%概率复制敌方上一次的攻击方式并施放。,10,,,,,,,,10,10,14,0,,,,,,,,,,,101
2300005,邪恶诅咒,80%概率复制对方技能,,,,,,,,,80,99,14,0,,,,,,,,,,,176
2400001,天才的坚持,30%概率施放一次奇怪的攻击，如果被击中，自己和敌方同时受到一个伤害，伤害值是本身当前血量的60%，双方的伤害都无视防御。,,,,,,,,,30,1,15,60,,,,,,,1,,,,4
2500001,平凡人的逆袭,30%概率施放一次奇怪的攻击，如果被击中，自己和敌方同时受到一个伤害，伤害值是本身当前血量的60%。,,,,,,,,,30,1,16,60,,,,,,,,,,,4
2500002,宿命对手,30%概率施放一次奇怪的攻击，如果被击中，自己和敌方同时受到一个伤害，伤害值是本身当前血量的80%，敌方的伤害无视防御。,,,,,,,,,30,1,16,80,,,,,,,1,,,,4
2600001,换血,当己方生命低于30%时，30%概率发动一个奇怪的攻击，如果敌方被击中，那么就交换双方战力的百分比。,,,,30,,,,,10,10,17,,,,,,,,,,,,55
,,,,,,,,,,,,,,,,,,,,,,,,,
,,,,,,,,,,,,,,,,,,,,,,,,,
,,,,,,,,,,,,,,,,,,,,,,,,,
,,,,,,,,,,,,,,,,,,,,,,,,,
,,,,,,,,,,,,,,,,,,,,,,,,,
,,,,,,,,,,,,,,,,,,,,,,,,,
,,,,,,,,,,,,,,,,,,,,,,,,,
,,,,,,,,,,,,,,,,,,,,,,,,,
,,,,,,,,,,,,,,,,,,,,,,,,,
,关卡技能,,,,,,,,,,,,,,,,,,,,,,,,
3000001,战国之殇,必杀技能,,,,,,,,,110,15,2,120,,,,,,1,,,,,1
3000002,圣杯,玩家总血量回复,,,,,,,,,110,15,12,10,,,,,,1,1,,,,56
3000003,冰火戒,大回复,,,,,,,,,110,15,10,15,,,,,,,,,,,85
3000004,拂晓之光,,,,,,,,,,110,15,6,100,,,,,,1,,,,,170
3000005,冲锋,,,,,,,,,,110,15,6,105,,,,,,1,,,,,142
3000006,风暴降临,,,,,,,,,,110,15,6,110,,,,,,1,,,,,46
3000007,丢魔戒,,,,,,,,,,110,15,6,115,,,,,,1,,,,,1
3000008,魔戒之力,,,,,,,,,,110,15,6,125,,,,,,1,,,,,58
3000009,超电磁炮,,,,,,,,,,110,15,2,120,1,,,,,1,,1,,12,123
3000010,路人是主角,,,,,,,,,,110,15,6,50,,,,,,1,1,,,,1
3000011,潘多拉之光,,,,,,,,,,80,15,12,20,,,,,,,,,,,82
3000012,接吻狂魔,,,,,,,,,,110,15,10,20,,,,,,,,,,,92
3000013,圆桌骑士,,,,,,,,,,110,15,6,70,,,,,,1,1,,,,1
3000014,圆桌之义,,,,,,,,,,110,15,8,60,,,,,,,,,,,68
3000015,巨人杀拳,,5,,,,,,,,110,15,6,1000,,,,,,1,,,,,1
3000016,真.巨人之力,,,,,,,,,,110,15,10,20,,,,,,,,,,,54
3000017,圆桌之力,,,,,,,,,,110,15,6,200,,,,,,1,1,,,,1
3000018,自强不息,,10,,,,,,,,110,15,2,200,,,,,,1,,,,,96
3000019,一生万物,,,,,,,,,,110,15,11,15,,,,,,,,,,,85
3000020,七十二变,,10,,,,,,,,110,15,14,0,,,,,,,,,,,
3000021,月光宝盒,,,,,,,,,,110,15,12,20,,,,,,,,,,,54
3000022,妹子之光,,,,,,,,,,110,15,6,100,,,,,,,,,,,142
3000023,朝鲜之光,,,,,,,,,,110,15,6,110,,,,,,,,,,,46
3000024,自由之光,,,,,,,,,,110,15,6,125,,,,,,,,,,,1
3000025,铁血之光,,,,,,,,,,110,15,6,150,,,,,,,,,,,58
3000026,第三帝国之光,,,,,,,,,,110,15,6,200,,,,,,,,,,,62
3000027,再生咒文,,,,,,,,,,110,15,8,30,,,,,,,,,,,68
3000028,圣母圣咏,,8,,,,,,,,110,15,6,500,,,,,,1,,,,,123
3000029,四倍痛击,,6,,,,,,,,110,15,2,300,,,,,,1,,,,,123
3000030,七之弹,,8,,,,,,,,110,15,6,500,,,,,,1,,,,,1
3000031,八之弹,,,,,,,,,,110,15,10,20,,,,,,,,,,,92
3000032,心像境界,,,,,,,,,,50,15,10,20,,,,,,,,,,,54
3000033,真.死神镰刀,,,,,,,,,,50,15,2,200,,,,,,1,,,,,4
3000034,心像战士,,2,,,,,,,,50,15,14,0,,,,,,,,,,,
3000035,妄想税,,,,,,,,,,110,15,6,200,,,,,,1,,,,,62
3000036,千本樱,,,,,,,,,,110,15,6,250,,,,,,1,,,,,1
3000037,真.直死之魔眼,,,,,,,,,,110,15,2,500,,,,,,1,,,,,123
3000038,大火球术,,,,,,,,,,110,15,2,120,1,,,,,1,,1,15,,151
3000039,北政所,,,,,,,,,,110,15,2,120,1,,,,,1,,1,12,,4
3000040,倾国,,,,,,,,,,110,15,2,120,1,,,,,1,,1,10,,96
3000041,愤然之怒,,,,,,,,,,110,15,2,120,1,,,,,1,,1,8,,123
3000042,休息休息,,,,,,,,,,110,15,2,120,1,,,,,1,,1,5,,123
3000043,五火球大法,,,,,,,,,,110,15,2,150,1,,,,,1,1,1,15,,151
3000044,高台院湖月尼,,,,,,,,,,110,15,2,150,1,,,,,1,1,1,12,,4
3000045,洛神,,,,,,,,,,110,15,2,150,1,,,,,1,1,1,10,,96
3000046,狂暴之怒,,,,,,,,,,110,15,2,150,1,,,,,1,1,1,8,,123
3000047,懒散之力,,,,,,,,,,110,15,2,150,1,,,,,1,1,1,5,,123
3000048,绝对服从,,,,,,,,,,110,15,2,120,1,,,,,1,,1,,5,151
3000049,境界式,,,,,,,,,,110,15,2,120,1,,,,,1,,1,,6,4
3000050,飞天升龙破,,,,,,,,,,110,15,2,120,1,,,,,1,,1,,8,96
3000051,五星撕裂,,,,,,,,,,110,15,2,120,1,,,,,1,,1,,10,123
3000052,滑板鞋突击,,,,,,,,,,110,15,2,120,1,,,,,1,,1,,12,123
3000053,王者之力,,,,,,,,,,110,15,2,150,1,,,,,1,1,1,,5,151
3000054,直死之魔眼,,,,,,,,,,110,15,2,150,1,,,,,1,1,1,,6,4
3000055,飞天冰突破,,,,,,,,,,110,15,2,150,1,,,,,1,1,1,,8,96
3000056,星王后,,,,,,,,,,110,15,2,150,1,,,,,1,1,1,,10,123
3000057,滑板鞋必杀,,,,,,,,,,110,15,2,150,1,,,,,1,1,1,,12,123
3000058,狂乱的贵公子,,,,,15,,,,,110,15,6,100,,,,,,1,1,,,,170
3000059,死亡主宰者,,,,,20,,,,,110,15,6,100,,,,,,1,1,,,,142
3000060,立体机动 终结式,,,,,25,,,,,110,15,6,100,,,,,,1,1,,,,46
3000061,石中剑,,,,,35,,,,,110,15,6,100,,,,,,1,1,,,,1
3000062,抖m之魂,,,,,50,,,,,110,15,6,100,,,,,,1,1,,,,58
3000063,战国终结,,,,,,100,,,,110,15,5,100,,,,,,1,1,,,,1
3000064,猴杀,,,,,,,,,,110,15,4,100,,,,,,1,,,,,44
3000065,甲斐之虎,,,,,,,,,,110,15,4,120,,,,,,1,,,,,26
3000066,两兵卫的指挥,,,,,,,,,,110,15,4,140,,,,,,1,,,,,183
3000067,魔王之爪,,,,,,,,,,110,15,4,160,,,,,,1,,,,,45
3000068,武将召唤,,,,,,,,,,110,15,4,200,,,,,,1,,,,,28
3000069,石破天惊拳,,,,,,,,,,110,15,4,100,,,,,,1,1,,,,44
3000070,真.风林火山,,,,,,,,,,110,15,4,120,,,,,,1,1,,,,26
3000071,伏兵看破,,,,,,,,,,110,15,4,140,,,,,,1,1,,,,183
3000072,第六天魔王,,,,,,,,,,110,15,4,160,,,,,,1,1,,,,45
3000073,东风乱舞,,,,,,,,,,110,15,4,200,,,,,,1,1,,,,28
3000074,强制分离,,,,,,,,,,110,15,3,100,,,,,,,,,,,161
3000075,女中豪杰,,,,,,,,,,110,15,3,130,,,,,,,,,,,142
3000076,花颜妙香,,,,,,,,,,110,15,3,150,,,,,,,,,,,168
3000077,幸福吗,,,,,,,,,,110,15,3,200,,,,,,,,,,,142
3000078,江户之女,,,,,,,,,,110,15,3,250,,,,,,,,,,,8
3000079,将军夫人,,,,,,,,2,,110,15,3,100,,,,,,1,1,,,,161
3000080,以柔克刚,,,,,,,,2,,110,15,3,130,,,,,,1,1,,,,142
3000081,天涯贵妃,,,,,,,,2,,110,15,3,150,,,,,,1,1,,,,168
3000082,贤内助,,,,,,,,2,,110,15,3,200,,,,,,1,1,,,,142
3000083,沉鱼落雁,,,,,,,,2,,110,15,3,250,,,,,,1,1,,,,8
3000084,洗脑攻击,,,,,,,,,,110,15,2,120,1,,,,,1,,1,5,,123
3000085,观海听涛,,,,,,,,,,110,15,2,120,1,,,,,1,,1,,12,123
3000086,德艺双馨,,,,,50,,,,,110,15,6,100,,,,,,1,1,,,,58
3000087,来自星星,,,,,,100,,,,110,15,6,100,,,,,,1,1,,,,1
3000088,召唤教授,,,,,,,,,,110,15,4,200,,,,,,1,,,,,28
3000089,啤酒炸鸡,,,,,,,,,,110,15,4,200,,,,,,1,1,,,,28
3000090,纯真一照,,,,,,,,,,110,15,3,250,,,,,,,,,,,8
3000091,惊东神犬,,,,,,,,2,,110,15,3,250,,,,,,1,1,,,,8
3000092,独立解放,,,,,,,,,,110,15,13,180,1,,,,,1,1,1,5,,123
3000093,梦想攻击,,,,,,,,,,110,15,13,180,1,,,,,1,1,1,,12,123
3000094,变身,,,,,60,,,,,110,1,10,300,,,,,,,,,,,92
3000095,魔法书,,,,100,,,,,,110,20,6,20,,,,,,,,,,,94
3000096,月光斩,,,,100,,,,,,110,20,2,120,,,,,,1,,,,,123
3000097,撒旦飞斩,,,,100,,,,,,110,20,9,10,,,,,,,,,,,83
3000098,飞龙在天,,2,,100,,,,,,110,20,14,,,,,,,,,,,,
3000099,Aroundlight,,,,100,,,,,,110,20,13,100,,,,,,1,1,,,,123
3000100,国色,,,,,,,,,,110,10,6,10,1,,,,1,1,1,,,,142
3000101,五彩祥云,,,,,,,,,,110,10,6,12,1,,,,1,1,1,,,,46
3000102,盘丝打法,,,,,,,,,,110,10,6,14,1,,,,1,1,1,,,,1
3000103,接着哦,,,,,,,,,,110,10,6,16,1,,,,1,1,1,,,,58
3000104,拳打镇关西,,,,,,,,,,110,10,6,20,1,,,,1,1,1,,,,62
3000105,流离,,,,,,,,,,110,10,6,21,1,,,,1,1,1,,,,142
3000106,神通,,,,,,,,,,110,10,6,23,1,,,,1,1,1,,,,46
3000107,西天灵火,,,,,,,,,,110,10,6,25,1,,,,1,1,1,,,,1
3000108,替我担着,,,,,,,,,,110,10,6,27,1,,,,1,1,1,,,,58
3000109,天孤星,,,,,,,,,,110,10,6,30,1,,,,1,1,1,,,,62
3000110,奇袭,,,,,,,,,,110,8,6,10,1,,,,,1,1,20,7,20,62
3000111,无双,,14,,,,,,,,110,10,5,100,,,,,,1,1,,,,62
3000112,毒苹果攻击,,,,,,,,,,110,1,5,100,,,,,,1,1,,,,62
3000113,荣耀之光,,,,49,,,,,,110,100,2,150,,,,,,1,,,,,123
3000114,马王之吼,,,,49,,,,,,110,100,2,180,,,,,,1,,,,,151
3000115,风暴降生,,,,49,,,,,,110,100,2,220,,,,,,1,,,,,4
3000116,魔剑斩,,,,49,,,,,,110,100,2,260,,,,,,1,,,,,96
3000117,本能寺之殇,,,,49,,,,,,110,100,2,300,,,,,,1,,,,,123
3000118,天国降临,,,,,50,,,,,110,100,10,20,,,,,,,,,,,114
3000119,天崩地裂,,,,,50,,,,,110,100,10,24,,,,,,,,,,,114
3000120,睡龙之怒,,,,,50,,,,,110,100,10,28,,,,,,,,,,,105
3000121,撒旦之炎,,,,,50,,,,,110,100,10,32,,,,,,,,,,,92
3000122,征天魔王,,,,,50,,,,,110,100,10,40,,,,,,,,,,,85
3000123,人海茫茫,,,,,,120,,,,110,1,5,100,,,,,,1,1,,,,62
3000124,不普通攻击,,,,,,,,,,110,100,2,160,,,,,,1,,,,,96
3000125,石沉大海,,,,,,,20,,,110,1,5,100,,,,,,1,1,,,,62
3000126,法身舍利,,,,,,,25,,,110,1,5,100,,,,,,1,1,,,,62
3000127,大智若愚,,,,,,,30,,,110,1,5,100,,,,,,1,1,,,,62
3000128,上善若水,,,,,,,35,,,110,1,5,100,,,,,,1,1,,,,62
3000129,白夜叉绝杀,,,,,,,50,,,110,1,5,100,,,,,,1,1,,,,62
3000130,不复制不黏贴,25%概率造成暴击，暴击时造成120%的伤害且对方无法闪避。,,,,,,,,,25,15,2,120,,,,,,1,,,,,96
3000131,龙息,,,,,,,,4,,110,100,3,300,,,,,,,,,,,28
3000132,火龙之怒,,,,,,,,3,,110,100,8,60,,,,,,1,1,,,,187
3000133,龙卷风,,,,,,,,3,,110,100,8,70,,,,,,1,1,,,,68
3000134,冰龙之吼,,,,,,,,3,,110,100,8,80,,,,,,1,1,,,,69
3000135,龙之咆哮,,,,,,,,3,,110,100,8,90,,,,,,1,1,,,,37
3000136,龙闪,,,,,,,,3,,110,100,8,100,,,,,,1,1,,,,3
3000137,流星火雨,,,,,,,,3,,110,100,8,120,,,,,,1,1,,,,187
3000138,风卷残云,,,,,,,,3,,110,100,8,140,,,,,,1,1,,,,68
3000139,风雪冰天,,,,,,,,3,,110,100,8,160,,,,,,1,1,,,,69
3000140,雷动九天,,,,,,,,3,,110,100,8,180,,,,,,1,1,,,,37
3000141,猛兽之牙,,,,,,,,3,,110,100,8,200,,,,,,1,1,,,,3
3000142,魔山之怒,,,,,,,,,,110,100,6,99,1,,,,,1,1,30,,30,142
3000143,利驭,,,,,,,,,,110,100,6,90,1,,,,,1,1,30,,30,46
3000144,你这渣渣,,,,,,,,,,110,100,6,50,1,,,,,1,1,30,,30,1
3000145,魔王之怒,,,,,,,,,,110,100,6,60,1,,,,,1,1,30,,30,58
3000146,七宗罪,,,,,,,,,,110,100,6,65,1,,,,,1,1,30,,30,62
3000147,小市民的力量,,,,,50,,,,,110,100,11,30,,,,,,,,,,,139
3000148,霍比特人的力量,,,,,60,,,,,110,100,11,30,,,,,,,,,,,139
3000149,来自基友的力量,,,,,70,,,,,110,100,11,30,,,,,,,,,,,174
3000150,钛合金蛇眼,,,,,80,,,,,110,100,11,30,,,,,,,,,,,191
3000151,兄弟之力,,,,,90,,,,,110,100,11,30,,,,,,,,,,,173
3000152,永别,,,5,,100,,,,,110,5,5,100,,,,,,1,1,,,,62
3000153,梦回,,,,,,,,,,110,2,10,30,,,,,,,,,,,85
3000154,愤怒的机器人,,,,,60,,,,,110,1,10,300,,,,,,,,,,,92
3000155,萝卜拳,,,,100,,,,,,110,20,2,120,,,,,,1,,,,,123
3000156,机械飞爪,,,,,,,,,,110,15,3,300,,,,,,,,,,,8
3000157,静电力场,,,,,,,,2,,110,15,3,300,,,,,,1,1,,,,8
3000158,杀手13小队,,,,49,,,,,,110,100,2,300,,,,,,1,,,,,123
3000159,真选组 出动！,,,,,50,,,,,110,100,10,40,,,,,,,,,,,85
3000160,觉醒,,,,,50,,,,,110,15,6,100,,,,,,1,1,,,,58
3000161,杀人熊,,10,,,,,,,,110,15,2,300,,,,,,1,,,,,96
3000162,少女的安全裤,,,,,,,,,,110,15,11,30,,,,,,,,,,,85
3000163,天香,,,,,,120,,,,110,1,5,100,,,,,,1,1,,,,62
3000164,乔佳丽,,,,,,,,,,110,100,2,160,,,,,,1,,,,,96
3000165,红颜,,,,,,,50,,,110,1,5,100,,,,,,1,1,,,,62
3000166,才女,,,,,,,,4,,110,100,3,300,,,,,,,,,,,28
3000167,木牛,,,,,,,,3,,110,100,8,100,,,,,,1,1,,,,3
3000168,流马,,,,,,,,3,,110,100,8,200,,,,,,1,1,,,,3
3000169,我丑但很温柔,,,,,,,,,,110,100,6,65,1,,,,,1,1,30,,30,62
3000170,光辉之貌,,,,,90,,,,,110,100,11,30,,,,,,,,,,,173
3000171,破魔之钟声,,,5,,100,,,,,110,5,5,100,,,,,,1,1,,,,62
3000172,保证不吸光你,,,,,,,,,,110,2,10,30,,,,,,,,,,,85
3000173,镜花水月,,7,,,,,,,,110,1,5,100,,,,,,1,1,,,,62
3000174,浪逐千秋峰,,,,,,,,,,110,20,8,20,,,,,,,,,,,97
3000175,大扫把术,,,,,,,,,,110,20,6,50,,,,,,1,,,,,142
3000176,征西将军,,,,,,,,,,110,20,6,60,,,,,,1,,,,,46
3000177,气概云天,,,,,,,,,,110,20,6,70,,,,,,1,,,,,1
3000178,车骑将军,,,,,,,,,,110,20,6,80,,,,,,1,,,,,58
3000179,忠义神武,,,,,,,,,,110,20,6,90,,,,,,1,,,,,62
3000180,般若心经,,,,,,,,,,110,20,6,100,,,,,,1,,,,,142
3000181,老当益壮,,,,,,,,,,110,20,6,105,,,,,,1,,,,,46
3000182,义薄云天,,,,,,,,,,110,20,6,110,,,,,,1,,,,,1
3000183,司隶校尉,,,,,,,,,,110,20,6,120,,,,,,1,,,,,58
3000184,关圣大帝,,,,,,,,,,110,20,6,125,,,,,,1,,,,,62
3000185,紫微运限,,,,,,,,,,110,50,2,120,,,,,,1,,,,,123
3000186,月挽星流,,,,,,,,,,110,50,2,130,,,,,,1,,,,,123
3000187,万兽之王,,,,,,,,,,110,50,5,90,,,,,,1,1,,,,1
3000188,芳草蔓合,,,,,,,,,,110,10,6,-100,1,,,,1,1,,,,,1
3000189,碎碎念,,,,,,,,,,110,1,6,1100,,,,,,1,1,,,,142
3000190,地母之威,,,,,,,,,,110,1,6,1200,,,,,,1,1,,,,46
3000191,恶作剧,,,,,,,,,,110,1,6,1300,,,,,,1,1,,,,1
3000192,爱言叶,,,,,,,,,,110,1,6,1400,,,,,,1,1,,,,58
3000193,天才战斗机,,,,,,,,,,110,1,6,1500,,,,,,1,1,,,,62
3000194,超级碎碎念,,,,,,,,,,110,1,6,1700,,,,,,1,1,,,,142
3000195,地母之怒,,,,,,,,,,110,1,6,1900,,,,,,1,1,,,,46
3000196,颠倒黑白,,,,,,,,,,110,1,6,2000,,,,,,1,1,,,,1
3000197,VOiCE,,,,,,,,,,110,1,6,2200,,,,,,1,1,,,,58
3000198,真 天才战斗机,,,,,,,,,,110,1,6,2400,,,,,,1,1,,,,62
3000199,死亡倒计时,,,,,,,,,,110,100,6,99,1,,,,,1,1,30,,15,142
3000200,全面高考,,,,,,,,,,110,100,6,95,1,,,,,1,1,30,,15,46
3000201,备考爱心战衣,,,,,,,,,,110,100,6,90,1,,,,,1,1,30,,15,1
3000202,考试应援带,,,,,,,,,,110,100,6,85,1,,,,,1,1,30,,15,58
3000203,脑黄金补充剂,,,,,,,,,,110,100,6,80,1,,,,,1,1,30,,15,62
3000204,父母的期望 ,,,,,,,,,,110,10,10,15,,,,,,,,,,,85
3000205,学渣的逆袭,,,,,,,,,,110,10,9,20,,,,,,,,,,,92
3000206,囍上加囍,,,,,,,,,,110,30,13,100,,,,,,1,1,,,,74
3000207,顺手牵牛,,,,,,,,,,110,30,13,105,,,,,,1,1,,,,75
3000208,盈盈一水间,,,,,,,,,,110,30,13,110,,,,,,1,1,,,,79
3000209,粗糙的歌,,,,,,,,,,110,30,13,120,,,,,,1,1,,,,80
3000210,我最时尚,,,,,,,,,,110,30,13,150,,,,,,1,1,,,,81
3000211,疼痛管教,,,6,,50,,,,,110,30,5,100,,,,,,1,1,,,,1
3000212,叫我女王大人,,,6,,60,,,,,110,30,5,100,,,,,,1,1,,,,1
3000213,不要看我,,,6,,70,,,,,110,30,5,100,,,,,,1,1,,,,1
3000214,来自荷兰的医生,,,6,,80,,,,,110,30,5,100,,,,,,1,1,,,,1
3000215,啊哈哈哈哈,,,6,,90,,,,,110,30,5,100,,,,,,1,1,,,,1
3000216,深水炸弹,,,6,,100,,,,,110,30,5,100,,,,,,1,1,,,,1
3000217,奇门遁甲,,,,,,,,,,110,100,11,25,,,,,,,,,,,85
3000218,热情的沙漠,,,,,,,,,,110,1,10,-99,1,,,,1,1,,,,,92
3000219,再爱我一次,,,,,,,,,,110,10,4,100,,,,,,1,,,,,44
3000220,暑假作业,,,,,,,,,,110,10,4,105,,,,,,1,,,,,26
3000221,元首万岁,,,,,,,,,,110,10,4,110,,,,,,1,,,,,183
3000222,爱的烙印,,,,,,,,,,110,10,4,125,,,,,,1,,,,,45
3000223,给你算命,,,,,,,,,,110,10,4,150,,,,,,1,,,,,28
3000224,不想长大,,,,,,,,,,110,10,4,160,,,,,,1,,,,,44
3000225,寒假作业,,,,,,,,,,110,10,4,170,,,,,,1,,,,,26
3000226,三胖万岁,,,,,,,,,,110,10,4,180,,,,,,1,,,,,183
3000227,爱的锻造,,,,,,,,,,110,10,4,190,,,,,,1,,,,,45
3000228,无尽之虚空,,,,,,,,,,110,10,4,200,,,,,,1,,,,,28
3000229,水管工的蘑菇,,,,100,,,,,,110,1,5,100,,,,,,1,1,,,,1
3000230,地沟油的味道,,,,,,,,,,110,5,10,20,,,,,,,,,,,92
3000231,美人鱼之吻,,,,,,,,,,110,10,10,30,,,,,,,,,,,85
3000232,真美人鱼之吻,,,,,,,,,,110,100,6,100,,,,,,1,1,,,,1
3000233,卖拐,,,,,,,,,,110,10,5,60,1,,,,1,1,,,,,62
3000234,好的主人,,,,,,,,,,110,10,5,70,1,,,,1,,,,,,62
3000235,我的小鸭鸭,,,,,,,,,,110,10,5,80,1,,,,1,,,,,,62
3000236,骑士之花,,,,,,,,,,110,10,5,90,1,,,,1,,,,,,62
3000237,骑士精神,,,,,,,,,,110,10,5,100,1,,,,1,,,,,,62
3000238,碰瓷,,,,,,,,,,110,10,5,100,1,,,,1,,,,,,62
3000239,遵命主人,,,,,,,,,,110,10,5,105,1,,,,1,,,,,,62
3000240,女仆之心,,,,,,,,,,110,10,5,110,1,,,,1,,,,,,62
3000241,少女的骑士,,,,,,,,,,110,10,5,125,1,,,,1,,,,,,62
3000242,亚瑟王之牧歌,,,,,,,,,,110,10,5,150,1,,,,1,,,,,,62
3000243,迷宫轮舞曲,,1,,,,,,,,110,100,14,0,,,,,,,,,,,
,,,,,,,,,,,,,,,,,,,,,,,,,
,,,,,,,,,,,,,,,,,,,,,,,,,
,,,,,,,,,,,,,,,,,,,,,,,,,
4000001,圣杯,,,,,,,,,,110,100,10,10,,,,,,,,,,,114
4000002,冰火戒,,,,,,,,,,110,100,3,100,,,,,,1,,,,,96
4000003,超能力,,,,,,,,,,110,100,3,100,,,,,,,1,,,,74
4000004,牛奶,,,,,,,,,,110,100,10,12,,,,,,,,,,,114
4000005,奶酪,,,,,,,,,,110,100,10,14,,,,,,,,,,,114
4000006,神兽,,,,,,,,,,110,100,10,16,,,,,,,,,,,105
4000007,齐天,,,,,,,,,,110,100,10,18,,,,,,,,,,,92
4000008,腐蚀外表,,,,,,,,,,110,100,10,20,,,,,,,,,,,85
4000009,好牛奶,,,,,,,,,,110,100,10,22,,,,,,,,,,,114
4000010,鼠疫,,,,,,,,,,110,100,10,24,,,,,,,,,,,114
4000011,呼啸而过,,,,,,,,,,110,100,10,26,,,,,,,,,,,105
4000012,大圣,,,,,,,,,,110,100,10,28,,,,,,,,,,,92
4000013,蝮蛇突袭,,,,,,,,,,110,100,10,30,,,,,,,,,,,85
4000014,阿弥陀佛,,,,,,,,,,110,30,3,112,,,,,,1,,,,,74
4000015,六德六行六艺,,,,,,,,,,110,30,3,114,,,,,,1,,,,,75
4000016,上善若水,,,,,,,,,,110,30,3,116,,,,,,1,,,,,79
4000017,猴子请,,,,,,,,,,110,30,3,118,,,,,,1,,,,,80
4000018,请逗13,,,,,,,,,,110,30,3,120,,,,,,1,,,,,81
4000019,善哉善哉,,,,,,,,,,110,30,3,122,,,,,,1,,,,,74
4000020,七十二贤,,,,,,,,,,110,30,3,124,,,,,,1,,,,,75
4000021,道法自然,,,,,,,,,,110,30,3,126,,,,,,1,,,,,79
4000022,你敢笑吗,,,,,,,,,,110,30,3,128,,,,,,1,,,,,80
4000023,我打,,,,,,,,,,110,30,3,130,,,,,,1,,,,,81
4000024,烧烧烧,,,,,,,,,,110,30,3,112,,,,,,,1,,,,74
4000025,嘴炮,,,,,,,,,,110,30,3,114,,,,,,,1,,,,75
4000026,水炮,,,,,,,,,,110,30,3,116,,,,,,,1,,,,79
4000027,圣光忽悠,,,,,,,,,,110,30,3,118,,,,,,,1,,,,80
4000028,冲锋,,,,,,,,,,110,30,3,120,,,,,,,1,,,,81
4000029,高举火把,,,,,,,,,,110,30,3,122,,,,,,,1,,,,74
4000030,真.嘴炮,,,,,,,,,,110,30,3,124,,,,,,,1,,,,75
4000031,大海啸,,,,,,,,,,110,30,3,126,,,,,,,1,,,,79
4000032,圣光照耀,,,,,,,,,,110,30,3,128,,,,,,,1,,,,80
4000033,破甲,,,,,,,,,,110,30,3,130,,,,,,,1,,,,81
4000034,月光宝盒,,,,,,,,,,110,100,8,35,,,,,,,,,,,97
4000035,玉泉,,,,,,,,,,110,100,10,10,,,,,,,,,,,114
4000036,现实之墙,,,,,,,,,,110,100,2,70,,,,,,1,,,,,123
4000037,异界光芒,,,,,,,,,,110,100,10,25,,,,,,,,,,,114
4000038,银河光辉,,,,,,,,,,110,100,3,150,,,,,,1,,,,,74
4000039,悲剧,,,,,,,,,,110,100,3,150,,,,,,,1,,,,74
4000040,好好学习,,,,,,,,,,110,100,8,35,,,,,,,,,,,97
4000041,天天向上,,10,,,,,,,,110,100,10,20,,,,,,,,,,,85
4000042,神秘力量,,,,,,,,,,110,100,10,30,,,,,,,,,,,85
4000043,变装,,,,,,,,,,110,100,2,70,,,,,,1,,,,,123
4000044,享乐,,8,,,,,,,,110,100,10,40,,,,,,,,,,,85
4000045,知识就是力量,,,,,,,,,,110,100,10,25,,,,,,,,,,,92
4000046,学习挥洒青春,,10,,,,,,,,110,100,10,50,,,,,,,,,,,85
4000047,战国之力,,,,,,,,,,110,100,3,150,,,,,,1,,,,,96
4000048,战国之志,,10,,,,,,,,110,100,10,40,,,,,,,,,,,85
4000049,伽蓝之力,,,,,,,,,,110,100,3,150,,,,,,,1,,,,74
4000050,顿悟,,10,,,,,,,,110,100,10,40,,,,,,,,,,,85
4000051,强制分离,,,,,,,,,,110,15,2,120,1,,,,,1,,1,15,,151
4000052,女中豪杰,,,,,,,,,,110,15,2,120,1,,,,,1,,1,12,,4
4000053,花颜妙香,,,,,,,,,,110,15,2,120,1,,,,,1,,1,10,,96
4000054,幸福吗,,,,,,,,,,110,15,2,120,1,,,,,1,,1,8,,123
4000055,江户之女,,,,,,,,,,110,15,2,120,1,,,,,1,,1,5,,123
4000056,将军夫人,,,,,,,,,,110,15,2,120,1,,,,,1,1,1,15,,151
4000057,以柔克刚,,,,,,,,,,110,15,2,120,1,,,,,1,1,1,12,,4
4000058,天涯贵妃,,,,,,,,,,110,15,2,120,1,,,,,1,1,1,10,,96
4000059,贤内助,,,,,,,,,,110,15,2,120,1,,,,,1,1,1,8,,123
4000060,沉鱼落雁,,,,,,,,,,110,15,2,120,1,,,,,1,1,1,5,,123
4000061,疼痛管教,,,,,,,,,,110,15,2,120,1,,,,,1,,1,15,,151
4000062,叫我女王大人,,,,,,,,,,110,15,2,120,1,,,,,1,,1,12,,4
4000063,不要看我,,,,,,,,,,110,15,2,120,1,,,,,1,,1,10,,96
4000064,来自荷兰的医生,,,,,,,,,,110,15,2,120,1,,,,,1,,1,8,,123
4000065,啊哈哈哈哈,,,,,,,,,,110,15,2,120,1,,,,,1,,1,5,,123
4000066,巨人杀人,,,,,,,,,,110,15,2,120,1,,,,,1,1,1,15,,151
4000067,啤酒炸鸡,,,,,,,,,,110,15,2,120,1,,,,,1,1,1,12,,4
4000068,鲜血神殿,,,,,,,,,,110,15,2,120,1,,,,,1,1,1,10,,96
4000069,猎魔人,,,,,,,,,,110,15,2,120,1,,,,,1,1,1,8,,123
4000070,星辰大海,,,,,,,,,,110,15,2,120,1,,,,,1,1,1,5,,123
4000071,洗脑攻击,,,,,,,,,,110,15,2,120,1,,,,,1,,1,,5,151
4000072,观海听涛,,,,,,,,,,110,15,2,120,1,,,,,1,,1,,6,4
4000073,德艺双馨,,,,,,,,,,110,15,2,120,1,,,,,1,,1,,8,96
4000074,来自星星,,,,,,,,,,110,15,2,120,1,,,,,1,,1,,10,123
4000075,惊东神犬,,,,,,,,,,110,15,2,120,1,,,,,1,,1,,12,123
4000076,独立解放,,,,,,,,,,110,15,2,120,1,,,,,1,1,1,,5,151
4000077,梦想攻击,,,,,,,,,,110,15,2,120,1,,,,,1,1,1,,6,4
4000078,人民艺术家,,,,,,,,,,110,15,2,120,1,,,,,1,1,1,,8,96
4000079,召唤教授,,,,,,,,,,110,15,2,120,1,,,,,1,1,1,,10,123
4000080,纯真一照,,,,,,,,,,110,15,2,120,1,,,,,1,1,1,,12,123
4000081,魔法书,,,,,,,,,,110,15,2,120,1,,,,,1,,1,,5,151
4000082,月光斩,,,,,,,,,,110,15,2,120,1,,,,,1,,1,,6,4
4000083,撒旦飞斩,,,,,,,,,,110,15,2,120,1,,,,,1,,1,,8,96
4000084,飞龙在天,,,,,,,,,,110,15,2,120,1,,,,,1,,1,,10,123
4000085,Aroundlight,,,,,,,,,,110,15,2,120,1,,,,,1,,1,,12,123
4000086,暴力法师,,,,,,,,,,110,15,2,120,1,,,,,1,1,1,,5,151
4000087,圣女,,,,,,,,,,110,15,2,120,1,,,,,1,1,1,,6,4
4000088,撒旦封印,,,,,,,,,,110,15,2,120,1,,,,,1,1,1,,8,96
4000089,春秋刀法,,,,,,,,,,110,15,2,120,1,,,,,1,1,1,,10,123
4000090,长江骑士,,,,,,,,,,110,15,2,120,1,,,,,1,1,1,,12,123
4000091,国色,,,,,,,,,,110,100,6,99,1,,,,,1,1,30,,15,142
4000092,五彩祥云,,,,,,,,,,110,100,6,95,1,,,,,1,1,30,,15,46
4000093,盘丝打法,,,,,,,,,,110,100,6,90,1,,,,,1,1,30,,15,1
4000094,接着哦,,,,,,,,,,110,100,6,85,1,,,,,1,1,30,,15,58
4000095,拳打镇关西,,,,,,,,,,110,100,6,80,1,,,,,1,1,30,,15,62
4000096,奇袭,,,,,,,,,,110,8,6,10,1,,,,,1,1,20,7,20,62
4000097,无双,,14,,,,,,,,110,10,5,100,,,,,,1,1,,,,62
4000098,难道是……,,,,,,,,,,110,20,6,50,,,,,,1,,,,,142
4000099,死人剑,,,,,,,,,,110,20,6,60,,,,,,1,,,,,46
4000100,先谢郭嘉,,,,,,,,,,110,20,6,70,,,,,,1,,,,,1
4000101,撒旦之力,,,,,,,,,,110,20,6,80,,,,,,1,,,,,58
4000102,吊打,,,,,,,,,,110,20,6,90,,,,,,1,,,,,62
4000103,凶手就是你了,,,,,,,,,,110,20,6,100,,,,,,1,,,,,142
4000104,秘剑,,,,,,,,,,110,20,6,105,,,,,,1,,,,,46
4000105,上交给郭嘉,,,,,,,,,,110,20,6,110,,,,,,1,,,,,1
4000106,料理,,,,,,,,,,110,20,6,120,,,,,,1,,,,,58
4000107,让你一只手,,,,,,,,,,110,20,6,145,,,,,,1,,,,,62
4000108,地狱看门狗,,,,,,,,,,110,20,6,50,,,,,,1,,,,,142
4000109,分裂箭,,,,,,,,,,110,20,6,60,,,,,,1,,,,,46
4000110,韩流明星,,,,,,,,,,110,20,6,70,,,,,,1,,,,,1
4000111,人生导师,,,,,,,,,,110,20,6,80,,,,,,1,,,,,58
4000112,难得不傲娇,,,,,,,,,,110,20,6,90,,,,,,1,,,,,62
4000113,咬你哦,,,,,,,,,,110,20,6,100,,,,,,1,,,,,142
4000114,石化凝视,,,,,,,,,,110,20,6,105,,,,,,1,,,,,46
4000115,生活白痴,,,,,,,,,,110,20,6,110,,,,,,1,,,,,1
4000116,风靡一时,,,,,,,,,,110,20,6,120,,,,,,1,,,,,58
4000117,吐槽,,,,,,,,,,110,20,6,145,,,,,,1,,,,,62
4000118,荣耀之光,,,,,,,,,,110,10,6,10,1,,,,1,1,1,,,,142
4000119,马王之吼,,,,,,,,,,110,10,6,12,1,,,,1,1,1,,,,46
4000120,风暴降生,,,,,,,,,,110,10,6,14,1,,,,1,1,1,,,,1
4000121,魔剑斩,,,,,,,,,,110,10,6,16,1,,,,1,1,1,,,,58
4000122,本能寺之殇,,,,,,,,,,110,10,6,20,1,,,,1,1,1,,,,62
4000123,天国降临,,,,,,,,,,110,10,6,21,1,,,,1,1,1,,,,142
4000124,天崩地裂,,,,,,,,,,110,10,6,23,1,,,,1,1,1,,,,46
4000125,睡龙之怒,,,,,,,,,,110,10,6,25,1,,,,1,1,1,,,,1
4000126,撒旦之炎,,,,,,,,,,110,10,6,27,1,,,,1,1,1,,,,58
4000127,征天魔王,,,,,,,,,,110,10,6,30,1,,,,1,1,1,,,,62
4000128,怒火咆哮,,,,,,,,,,110,1,10,-99,1,,,,1,1,,,,,92
4000129,石沉大海,,,,,,,,,,110,10,4,100,,,,,,1,,,,,44
4000130,法身舍利,,,,,,,,,,110,10,4,105,,,,,,1,,,,,26
4000131,大智若愚,,,,,,,,,,110,10,4,110,,,,,,1,,,,,183
4000132,道可道,,,,,,,,,,110,10,4,125,,,,,,1,,,,,45
4000133,白夜叉绝杀,,,,,,,,,,110,10,4,150,,,,,,1,,,,,28
4000134,龙息,,10,,,,,,,,110,15,2,200,,,,,,1,,,,,96
4000135,龙语魔法,,,,,,,,,,110,15,11,15,,,,,,,,,,,85
4000136,魔鬼的力量,,10,,,,,,,,110,15,14,0,,,,,,,,,,,
4000137,魔化,,,,,,,,,,110,15,12,20,,,,,,,,,,,54
4000138,狂怒,,,,,,,,,,110,100,5,100,,,,,,1,1,,,,62
4000139,小市民的力量,,,,,,,,,,110,10,5,110,1,,,,1,1,,,,,48
4000140,霍比特人的力量,,,,,,,,,,110,10,5,120,1,,,,1,1,,,,,153
4000141,来自基友的力量,,,,,,,,,,110,10,5,130,1,,,,1,1,,,,,127
4000142,钛合金蛇眼,,,,,,,,,,110,10,5,140,1,,,,1,1,,,,,110
4000143,兄弟之力,,,,,,,,,,110,10,5,150,1,,,,1,1,,,,,165
4000144,小人物的智慧,,,,,,,,,,110,10,5,160,1,,,,1,1,,,,,48
4000145,半身人的决心,,,,,,,,,,110,10,5,170,1,,,,1,1,,,,,153
4000146,大魔法师的悲哀,,,,,,,,,,110,10,5,180,1,,,,1,1,,,,,127
4000147,从者的无奈,,,,,,,,,,110,10,5,190,1,,,,1,1,,,,,110
4000148,神的恶作剧,,,,,,,,,,110,10,5,200,1,,,,1,1,,,,,165
4000149,喵,,,,,,,,,,110,10,5,110,1,,,,1,1,,,,,48
4000150,汪,,,,,,,,,,110,10,5,120,1,,,,1,1,,,,,153
4000151,元素万岁,,,,,,,,,,110,10,5,130,1,,,,1,1,,,,,127
4000152,欢迎光临,,,,,,,,,,110,10,5,140,1,,,,1,1,,,,,110
4000153,only you,,,,,,,,,,110,10,5,150,1,,,,1,1,,,,,165
4000154,我要吃鱼,,,,,,,,,,110,10,5,160,1,,,,1,1,,,,,48
4000155,骨头何在,,,,,,,,,,110,10,5,170,1,,,,1,1,,,,,153
4000156,魔法至高,,,,,,,,,,110,10,5,180,1,,,,1,1,,,,,127
4000157,下次再来,,,,,,,,,,110,10,5,190,1,,,,1,1,,,,,110
4000158,人是人他妈……,,,,,,,,,,110,10,5,200,1,,,,1,1,,,,,165
4000159,奇妙之旅,,,,,,,,,,110,100,6,100,,,,,,1,1,,,,110
4000160,斩首,,,6,,50,,,,,110,30,5,100,,,,,,1,1,,,,1
4000161,秘剑.燕返,,,6,,60,,,,,110,30,5,100,,,,,,1,1,,,,1
4000162,倾国,,,6,,70,,,,,110,30,5,100,,,,,,1,1,,,,1
4000163,七之弹,,,6,,80,,,,,110,30,5,100,,,,,,1,1,,,,1
4000164,革命,,,6,,90,,,,,110,30,5,100,,,,,,1,1,,,,1
4000165,悲歌,,,6,,100,,,,,110,30,5,100,,,,,,1,1,,,,1
4000166,永别,,,5,,100,,,,,110,5,5,100,,,,,,1,1,,,,62
4000167,梦回,,,,,,,,,,110,2,10,30,,,,,,,,,,,85
4000168,钢铁雄心,,,,,,100,,,,110,15,5,100,,,,,,1,1,,,,1
4000169,愤怒的机器人,,,,,,,,,,110,15,4,100,,,,,,1,,,,,44
4000170,机械飞爪,,,,,,,,,,110,15,4,120,,,,,,1,,,,,26
4000171,杀手13小队,,,,,,,,,,110,15,4,140,,,,,,1,,,,,183
4000172,心像战士,,,,,,,,,,110,15,4,160,,,,,,1,,,,,45
4000173,超电磁炮,,,,,,,,,,110,15,4,200,,,,,,1,,,,,28
4000174,萝卜拳,,,,,,,,,,110,15,4,100,,,,,,1,1,,,,44
4000175,静电力场,,,,,,,,,,110,15,4,120,,,,,,1,1,,,,26
4000176,真选组 出动！,,,,,,,,,,110,15,4,140,,,,,,1,1,,,,183
4000177,觉醒,,,,,,,,,,110,15,4,160,,,,,,1,1,,,,45
4000178,雷电招来,,,,,,,,,,110,15,4,200,,,,,,1,1,,,,28
4000179,迷宫轮舞曲,,1,,,,,,,,110,100,14,0,,,,,,,,,,,
4000180,陨石再来,,,,100,,,,,,110,1,5,100,,,,,,1,1,,,,1
4000181,湖边风光,,,,,,,,,,110,5,10,20,,,,,,,,,,,92
4000182,曼舞欢歌,,,,,,,,,,110,10,10,30,,,,,,,,,,,85
4000183,梦想歌,,,,,,,,,,110,10,6,-100,1,,,,1,1,,,,,1
4000184,努力一击,,,,,,,,,,110,1,6,1100,,,,,,1,1,,,,142
4000185,认真攻击,,,,,,,,,,110,1,6,1200,,,,,,1,1,,,,46
4000186,你制杖吗,,,,,,,,,,110,1,6,1300,,,,,,1,1,,,,1
4000187,放错药了,,,,,,,,,,110,1,6,1400,,,,,,1,1,,,,58
4000188,2档,,,,,,,,,,110,1,6,1500,,,,,,1,1,,,,62
4000189,逆袭,,,,,,,,,,110,1,6,1700,,,,,,1,1,,,,142
4000190,卖萌,,,,,,,,,,110,1,6,1900,,,,,,1,1,,,,46
4000191,MKB,,,,,,,,,,110,1,6,2000,,,,,,1,1,,,,1
4000192,药丸,,,,,,,,,,110,1,6,2200,,,,,,1,1,,,,58
4000193,3档,,,,,,,,,,110,1,6,2400,,,,,,1,1,,,,62
4000194,风平浪静,,,,,,,,,,110,10,10,20,,,,,,,,,,,85
4000195,明天,,,,,,,,,,110,10,9,25,,,,,,,,,,,92
4000196,海贼大名,,20,,,,,,,,110,1,5,200,,,,,,1,1,,,,48
4000197,海贼大名,,,,,20,,,,,110,1,5,200,,,,,,1,1,,,,48
4000198,海贼王子,,18,,,,,,,,110,1,5,200,,,,,,1,1,,,,48
4000199,海贼王子,,,,,25,,,,,110,1,5,200,,,,,,1,1,,,,48
4000200,黑色准男爵,,16,,,,,,,,110,1,5,200,,,,,,1,1,,,,48
4000201,黑色准男爵,,,,,30,,,,,110,1,5,200,,,,,,1,1,,,,48
4000202,红胡子,,14,,,,,,,,110,1,5,200,,,,,,1,1,,,,48
4000203,红胡子,,,,,35,,,,,110,1,5,200,,,,,,1,1,,,,48
4000204,女海盗,,12,,,,,,,,110,1,5,200,,,,,,1,1,,,,48
4000205,女海盗,,,,,45,,,,,110,1,5,200,,,,,,1,1,,,,48
4000206,海盗传奇,,,,,,,,,,110,50,5,90,,,,,,1,1,,,,110
4000207,离间,,,,,,,,,,110,20,3,10,1,,,,1,1,,,,,42
4000208,制杖,,,,,,,,,,110,22,3,10,1,,,,1,1,,,,,42
4000209,姐妹海盗,,,,,,,,,,110,24,3,10,1,,,,1,1,,,,,42
4000210,春申,,,,,,,,,,110,26,3,10,1,,,,1,1,,,,,42
4000211,甜甜甘风,,,,,,,,,,110,28,3,10,1,,,,1,1,,,,,42
4000212,闭月,,,,,,,,,,110,32,3,10,1,,,,1,1,,,,,42
4000213,持盾,,,,,,,,,,110,34,3,10,1,,,,1,1,,,,,42
4000214,绀碧之棺,,,,,,,,,,110,36,3,10,1,,,,1,1,,,,,42
4000215,华昌,,,,,,,,,,110,38,3,10,1,,,,1,1,,,,,42
4000216,吻枪,,,,,,,,,,110,40,3,10,1,,,,1,1,,,,,42
4000217,羡慕吧,,,,,,,,,,110,1,11,200,,,,,,,,,,,85
4000218,少女休息中,,,,,,,,,,110,1,11,220,,,,,,,,,,,85
4000219,逃生,,,,,,,,,,110,1,11,240,,,,,,,,,,,85
4000220,七海霸主,,,,,,,,,,110,1,11,260,,,,,,,,,,,85
4000221,蛇姬,,,,,,,,,,110,1,11,280,,,,,,,,,,,85
4000222,失礼了,,,,,,,,,,110,1,11,320,,,,,,,,,,,85
4000223,少女卖萌中,,,,,,,,,,110,1,11,340,,,,,,,,,,,85
4000224,活命,,,,,,,,,,110,1,11,360,,,,,,,,,,,85
4000225,大名将军,,,,,,,,,,110,1,11,380,,,,,,,,,,,85
4000226,女帝,,,,,,,,,,110,1,11,400,,,,,,,,,,,85
4000227,花园芬芳,,,,,,,,,,110,90,3,150,,,,,,1,,,,,10
4000228,流连忘返,,,,,,,,,,110,90,3,100,,,,,,1,,,,,10
4000229,剑客,,,,,,,,,,110,10,6,99,1,,,,,1,1,10,,30,142
4000230,厨师,,,,,,,,,,110,10,6,90,1,,,,,1,1,10,,30,46
4000231,船医,,,,,,,,,,110,10,6,50,1,,,,,1,1,10,,30,1
4000232,船长,,,,,,,,,,110,10,6,60,1,,,,,1,1,10,,30,58
4000233,哥哥,,,,,,,,,,110,10,6,65,1,,,,,1,1,10,,30,62
4000234,零技,,,,,,,,,,110,10,13,40000,,,,,,1,1,,,,120
4000235,赤炎,,,,,,,,,,110,10,13,41000,,,,,,1,1,,,,120
4000236,苍炎,,,,,,,,,,110,10,13,42000,,,,,,1,1,,,,120
4000237,血之狂暴,,,,,,,,,,110,10,13,43000,,,,,,1,1,,,,120
4000238,无,,,,,,,,,,110,10,13,45000,,,,,,1,1,,,,120
4000239,AK47,,,,,,,,,,110,10,3,65000,,,,,,1,,,,,165
4000240,M4A1,,,,,,,,,,110,10,3,73000,,,,,,1,,,,,142
4000241,死亡冲锋,,,,,,,,,,110,10,3,80000,,,,,,1,,,,,171
4000242,金光闪闪,,,,,,,,,,110,10,3,90000,,,,,,1,,,,,142
4000243,圣光护佑,,,,,,,,,,110,10,3,100000,,,,,,1,,,,,12
4000244,C4,,,,,,,,,,110,10,3,120000,,,,,,1,,,,,165
4000245,AWP,,,,,,,,,,110,10,3,130000,,,,,,1,,,,,142
4000246,亡者归来,,,,,,,,,,110,10,3,140000,,,,,,1,,,,,171
4000247,屠龙宝刀,,,,,,,,,,110,10,3,155000,,,,,,1,,,,,142
4000248,顺风无敌,,,,,,,,,,110,10,3,170000,,,,,,1,,,,,12
4000249,扭曲,,,,,,,,,,110,5,3,18700,1,,,,1,1,1,,,,165
4000250,真.扭曲,,,,,,,,,,110,5,3,20000,1,,,,1,1,1,,,,142
4000251,真假眼,,,,,,,,,,110,5,3,21200,1,,,,1,1,1,,,,171
4000252,跳刀,,,,,,,,,,110,5,3,22500,1,,,,1,1,1,,,,142
4000253,BKB,,,,,,,,,,110,5,3,23700,1,,,,1,1,1,,,,12
4000254,弹射,,,,,,,,,,110,5,3,25000,1,,,,1,1,1,,,,165
4000255,真.弹射,,,,,,,,,,110,5,3,26200,1,,,,1,1,1,,,,142
4000256,很急很关键,,,,,,,,,,110,5,3,27500,1,,,,1,1,1,,,,171
4000257,笛子,,,,,,,,,,110,5,3,28700,1,,,,1,1,1,,,,142
4000258,MKB,,,,,,,,,,110,5,3,30000,1,,,,1,1,1,,,,12
4000259,封印,,,,,,,,,,110,1,3,50,1,,,,,1,1,100,,110,91
4000260,不普通攻击,,,,,,,,,,110,100,3,100,,,,,,1,1,,,,99
4000261,咋们有力量,,,,,,,,,,110,100,3,120,,,,,,1,1,,,,99
4000262,零技,,,,,,,,,,110,100,3,300,,,,,,1,,,,,165
4000263,赤炎,,,,,,,,,,110,100,3,350,,,,,,1,,,,,142
4000264,苍炎,,,,,,,,,,110,100,3,400,,,,,,1,,,,,171
4000265,狂暴,,,,,,,,,,110,100,3,450,,,,,,1,,,,,142
4000266,归无,,,,,,,,,,110,100,3,500,,,,,,1,,,,,12
4000267,布阵,,,,,,,,,,110,100,3,600,,,,,,1,,,,,165
4000268,赤焰,,,,,,,,,,110,100,3,650,,,,,,1,,,,,142
4000269,苍焰,,,,,,,,,,110,100,3,700,,,,,,1,,,,,171
4000270,暴走,,,,,,,,,,110,100,3,750,,,,,,1,,,,,142
4000271,普照,,,,,,,,,,110,100,3,800,,,,,,1,,,,,12
4000272,变身,,,,,,,,,,110,1,12,1000,,,,,,,,,,,167
4000273,末日大战车,,5,,,,,,,,110,10,5,100,,,,,,1,1,,,,171
4000274,安静睡觉,,,,,,,,,,110,100,5,100,,,,,,,1,,,,142
4000275,残垣断壁,,,,,,,,,,110,1,13,150,,,,,,1,1,,,,96
4000276,世界映射,,,,,,,,,,110,100,14,0,,,,,,,,,,,
4000277,秒杀比我弱的,,,,,,,,,1,110,150,2,20000,,,,,,1,,,,,28
4000278,暴击,,,,,,,,,,110,999,2,150,,,,,,1,,,,,28
4000279,躲开啊,,,,,,,,,,110,150,1,250,,,,,,,1,,,,142
4000280,挺住啊,,,,,,,,,,110,150,6,60,,,,,,1,1,,,,142
4000281,你慢点打,,,,,,,,,,110,150,1,100,,,,,,,,,,,142
4000282,杀你,,6,,,,,,,,110,150,2,20000,,,,,,1,1,,,,28
4000283,杀你,,5,,,,,,,,110,150,2,20000,,,,,,1,1,,,,28
4000284,杀你,,4,,,,,,,,110,150,2,20000,,,,,,1,1,,,,28
,,,,,,,,,,,,,,,,,,,,,,,,,
,新增关卡技能,,,,,,,,,,,,,,,,,,,,,,,,
5000001,魔炮,,,,,,,,,,33,99,2,150,,,,,,1,,,,,162
5000002,2重魔炮,,,,,,,,,,33,99,2,180,,,,,,1,,,,,22
5000003,极限火花,,,,,,,,,,33,99,2,200,,,,,,1,,,,,5
5000004,徐福时空,,,,,,,,,,34,99,10,20,,,,,,,,,,,106
5000005,不死鸟之尾,,,,,,,,,,34,99,10,25,,,,,,,,,,,93
5000006,不死鸟重生,,,,,,,,,,34,99,10,30,,,,,,,,,,,85
5000007,亡我乡,,,,,,,,,,33,99,13,100,,,,,,1,1,,,,169
5000008,完全墨染的樱花,,,,,,,,,,33,99,13,110,,,,,,1,1,,,,96
5000009,反魂蝶,,,,,,,,,,33,99,13,120,,,,,,1,1,,,,95
5000010,死亡冲锋,,,,,,,,,,110,99,2,180,,,,,,1,,,,,22
5000011,紧急治疗,,,,,,,,,,110,99,10,25,,,,,,,,,,,93
5000012,精神打击,,,,,,,,,,110,99,13,105,,,,,,1,1,,,,96
,,,,,,,,,,,,,,,,,,,,,,,,,
,新boss技能,,,,,,,,,,,,,,,,,,,,,,,,
6000001,魔物之拳,100%概率造成暴击，暴击时造成一定伤害且对方无法闪避。,,,,,,,,,110,99,2,8,,,,,,1,,,,,150
6000002,士兵之心,100%概率造成暴击，暴击时造成一定伤害且对方无法闪避。,,,,,,,,,110,99,2,4,,,,,,1,,,,,162
6000003,亡灵怒嚎,100%概率造成暴击，暴击时造成一定伤害且对方无法闪避。,,,,,,,,,110,99,2,2,,,,,,1,,,,,22
6000004,以太潮汐,100%概率造成暴击，暴击时造成一定伤害且对方无法闪避。,,,,,,,,,110,99,2,1,,,,,,1,,,,,5
6000005,大地之力,100%概率造成暴击，暴击时造成一定伤害且对方无法闪避。,,,,,,,,,110,99,2,2,,,,,,1,,,,,162
6000006,深渊降临,100%概率造成暴击，暴击时造成一定伤害且对方无法闪避。,,,,,,,,,110,99,2,2,,,,,,1,,,,,22
6000007,无尽噩梦,100%概率造成暴击，暴击时造成一定伤害且对方无法闪避。,,,,,,,,,110,99,2,3,,,,,,1,,,,,5
6000008,怒气,若上一回合被敌方击中并且当前回合数为2时，100%概率造成敌方当前战力33%的伤害。该攻击无法闪避。（该技能无法被封印）,1,3,,,,,3,,110,1,5,33,,,,,,1,,,,,48
6000009,怒火,若上一回合被敌方击中并且当前回合数为3或者4时，100%概率造成敌方当前战力66%的伤害。该攻击无法闪避。（该技能无法被封印）,2,5,,,,,3,,110,1,5,67,,,,,,1,,,,,48
6000010,死兆星闪烁,若上一回合被敌方击中并且当前回合数为5或者6时，你已经死了……（该技能无法被封印）,4,7,,,,,3,,110,1,5,100,,,,,,1,1,,,,48
6000011,愤怒,若上一回合被敌方击中并且当前回合数为7或者8时，100%概率造成敌方当前战力50%的伤害。该攻击无法闪避。（该技能无法被封印）,6,9,,,,,3,,110,1,5,50,,,,,,1,,,,,48
6000012,狂战,若上一回合被敌方击中并且当前回合数为9或者10时，100%概率造成敌方当前战力75%的伤害。该攻击无法闪避。（该技能无法被封印）,8,11,,,,,3,,110,1,5,75,,,,,,1,,,,,48
6000013,死兆星再闪烁,若上一回合被敌方击中并且当前回合数为11或者12时，你已经死了……（该技能无法被封印）,10,13,,,,,3,,110,1,5,100,,,,,,1,1,,,,48
6000014,疯狂,若上一回合被敌方击中并且当前回合数为13或者14时，100%概率造成敌方当前战力80%的伤害。该攻击无法闪避。（该技能无法被封印）,12,15,,,,,3,,110,1,5,80,,,,,,1,,,,,48
6000015,暴走,若上一回合被敌方击中并且当前回合数为15或者16时，100%概率造成敌方当前战力90%的伤害。该攻击无法闪避。（该技能无法被封印）,14,17,,,,,3,,110,1,5,90,,,,,,1,,,,,48
6000016,死兆星永闪烁,若上一回合被敌方击中并且当前回合数大于16时，你已经死了……（该技能无法被封印）,16,,,,,,3,,110,99,5,100,,,,,,1,1,,,,48
6000017,严肃,若上一回合未被敌方击中并且当前回合数为2时，100%概率造成敌方当前战力11%的伤害。（该技能无法被封印）,1,3,,,,,4,,110,1,5,11,,,,,,,,,,,48
6000018,优雅,若上一回合未被敌方击中并且当前回合数为3或者4时，100%概率造成敌方当前战力22%的伤害。（该技能无法被封印）,2,5,,,,,4,,110,1,5,22,,,,,,,,,,,48
6000019,威严,若上一回合未被敌方击中并且当前回合数为5或者6时，100%概率造成敌方当前战力33%的伤害。（该技能无法被封印）,4,7,,,,,4,,110,1,5,33,,,,,,,,,,,48
6000020,冷静,若上一回合未被敌方击中并且当前回合数为7或者8时，100%概率造成敌方当前战力44%的伤害。（该技能无法被封印）,6,9,,,,,4,,110,1,5,44,,,,,,,,,,,48
6000021,威武,若上一回合未被敌方击中并且当前回合数为9或者10时，100%概率造成敌方当前战力55%的伤害。（该技能无法被封印）,8,11,,,,,4,,110,1,5,55,,,,,,,,,,,48
6000022,霸气,若上一回合未被敌方击中并且当前回合数为11或者12时，100%概率造成敌方当前战力66%的伤害。（该技能无法被封印）,10,13,,,,,4,,110,1,5,66,,,,,,,,,,,48
6000023,意志,若上一回合未被敌方击中并且当前回合数为13或者14时，100%概率造成敌方当前战力77%的伤害。（该技能无法被封印）,12,15,,,,,4,,110,1,5,77,,,,,,,,,,,48
6000024,威压,若上一回合未被敌方击中并且当前回合数为15或者16时，100%概率造成敌方当前战力88%的伤害。（该技能无法被封印）,14,17,,,,,4,,110,1,5,88,,,,,,,,,,,48
6000025,死兆星久闪烁,若上一回合未被敌方击中并且当前回合数大于16时，你已经死了……（该技能无法被封印）,16,,,,,,4,,110,99,5,100,,,,,,,,,,,48
