ID,英雄名,口号,图鉴是否出现,职业,动画,性别,种族,英雄品质（1，平凡级 2，精英级 3，英雄级 4，传奇级 5，领袖级）,觉醒级,是否可以合成(1不能，0可以),初始战力,战力系数,英雄技能,流派（1代表暴击流，2代表回复流，3代表纯粹流，4为其他）,是否可解雇,介绍,灵魂碎片,附加技能1,附加技能2,合作技,合作技2,限界突破,主角判断,英雄宝具,宝具ICON,宝具名字,注释,宝具先攻加成,宝具防御加成,宝具闪避加成,宝具王者加成,技能覆盖率,强度,是否拥有被动,被动强度,解雇获得魂骨数量(必须大于10，召唤是该字段的1.5倍),合战加成,巨魔BOSS加成
number,string,string,boolean,number,string,number,number,number,number,boolean,number,number,number,number,boolean,string,number,number,number,number,number,boolean,boolean,boolean,string,string,string,number,number,number,number,number,number,number,number,number,boolean,boolean
ID,name,slogan,library_mark,job,sprite,sex,race,quality,max_wakeup,is_unique,init_bp,bp_factor,skill1,genre,can_fire,introduction,soul_chip,skill2,skill3,ex_skill1,ex_skill2,can_upgrade_force,can_upgrade_destiny,have_artifact,artifact_icon,artifact_name,artifact——annotation,artifact_speed,artifact_defense,artifact_dodge,artifact_authority,use_skill_percent,strength,is_passive,passive_strength,soul_bone,campaign_addition,boss_addition
99000001,主角,,,107,99000001,2,28,5,7,1,80,1,,,0,这就是你啊！,,,,,,0,1,0,,,,,,,,,,,,4,,
99000002,主角,,,107,99000002,2,28,5,7,1,80,1,,,0,这就是你啊！,,,,,,0,1,0,,,,,,,,,,,,4,,
99000003,主角,,,107,99000003,2,28,5,7,1,80,1,,,0,这就是你啊！,,,,,,0,1,0,,,,,,,,,,,,4,,
99000004,主角,,,107,99000004,3,28,5,7,1,80,1,,,0,这就是你啊！,,,,,,0,1,0,,,,,,,,,,,,4,,
99000005,主角,,,107,99000005,3,28,5,7,1,80,1,,,0,这就是你啊！,,,,,,0,1,0,,,,,,,,,,,,4,,
99000006,主角,,,107,99000006,3,28,5,7,1,80,1,,,0,这就是你啊！,,,,,,0,1,0,,,,,,,,,,,,4,,
10000002,查托夫,我叫查托夫，贤者指引我在此等待。,1,47,10000002,2,28,1,3,1,75,0.9,1200001,4,1,不知何时就和你成了好友。,2,,,,,0,,0,,,,,,,,20,1,0,0,12,,
10000003,莉莉,我叫莉莉，我正被森林主教驱逐，谢谢你让我加入。,1,46,10000003,3,16,2,3,1,80,0.83,1400002,4,1,精灵族一般不允许研究炼金术，但莉莉是个例外。,15,,,,,0,,0,,,,,,,,22,2,0,0,10,,
10000004,克罗达斯,让我的音乐来协助你吧。,1,104,10000004,2,28,2,4,1,122,1,1200002,4,1,迷一般的身世，音乐也是他的战斗武器。,15,,,,,0,,0,,,,,,,,20,2,0,0,10,,
10000005,艾丽娜,我是荒原中的剑客……,1,32,10000005,3,28,3,5,1,230,1.12,1100001,1,1,为了精进自己的剑术，离开故乡，开始了漂泊的生涯。,50,,,,,1,,0,,,,,,,,0,3,0,0,8,,
10000006,双刀武士,荣誉指引着我，一切为了帝国！,,115,10000006,5,51,1,5,1,100,1,,4,1,通过“星际战争”活动，每位玩家可以使用水晶矿石召唤一个星际佣兵，召唤后可以拥有它并且可以贡献更多水晶矿石；本佣兵仅仅只有收藏价值,2,,,,,0,,1,10000006.png,光刀,,0,0,0,0,0,1,0,0,12,,
10000007,冲锋兵,我建议我们干掉这个指挥官吧，如何……,,115,10000007,2,51,1,5,1,100,1,,4,1,通过“星际战争”活动，每位玩家可以使用水晶矿石召唤一个星际佣兵，召唤后可以拥有它并且可以贡献更多水晶矿石；本佣兵仅仅只有收藏价值,2,,,,,0,,1,10000007.png,高斯步枪,,0,0,0,0,0,1,0,0,12,,
10000008,虫狗,呼……呼……呼,,115,10000008,5,51,1,5,1,100,1,,4,1,通过“星际战争”活动，每位玩家可以使用水晶矿石召唤一个星际佣兵，召唤后可以拥有它并且可以贡献更多水晶矿石；本佣兵仅仅只有收藏价值,2,,,,,0,,1,10000008.png,变异之血,,0,0,0,0,0,1,0,0,12,,
11000001,守护士兵,有谁需要守护？,1,82,11000001,2,28,1,3,1,40,0.9,300001,2,1,一个普通的卫兵，看起来和其他卫兵没什么两样。,2,,,,,0,,0,,,,,,,,0,1,1,5,12,,
11000002,利刃狂战士,谁想要流点血？？,1,115,11000002,2,28,2,4,1,55,1.03,1300002,4,1,曾经效力于一个名为“黑手”的组织，但是“黑手”的手实在太黑了。最终组织被迫解散。,15,,,,,0,,0,,,,,,,,0,2,0,0,10,,
11000003,持刀护卫,你不能通过这里。,1,82,11000003,2,28,1,3,1,60,0.9,1200003,4,1,城市中最普通不过的护卫。对于那些凶恶的不法分子，他们通常的处理方式是，假装没看见。,2,,,,,0,,0,,,,,,,,8,1,0,0,12,,
11000004,静怡守卫,月神会祝福你的。,1,82,11000004,3,16,1,3,1,50,0.9,1800003,2,1,发誓效忠于月神，但由于相貌平凡最终成为了月神偏殿的卫兵。,2,,,,,0,,0,,,,,,,,10,1,0,0,12,,
11000005,黑盾武士,如你所愿。,1,64,11000005,2,28,2,4,1,50,0.99,300002,2,1,黑盾武士是贵族们付钱召集的肉搏奴隶。他们其实通常不装备盾，主要武器是长刀。但为什么他们被称为黑盾武士呢？？,15,,,,,0,,0,,,,,,,,0,2,1,6,10,,
11000006,无垢者,我亲手掐死我自己养大的小狗。我在母亲面前杀死刚满月的婴儿。我的利刃为你所用。,1,64,11000006,5,28,2,4,1,100,1.03,2200039,3,1,无垢者没有欲望，没有恐惧，甚至没有姓名，他们活着只为杀戮。,15,,,100017,,0,,0,,,,,,,,5,2,0,0,10,,
11000007,长弓射手,小心行事。,1,24,11000007,3,16,1,3,1,45,0.94,1100002,1,1,她擅长使用长弓，在很远的距离就能一击必杀。,2,,,100025,,0,,0,,,,,,,,7,1,0,0,12,,
11000008,魔法学徒,你能教我这段咒语嘛？,1,102,11000008,2,28,1,3,1,50,1,1200005,4,1,他努力的学习，学习，学习。他找不到工作。,2,,,,,0,,0,,,,,,,,30,1,0,0,12,,
11000009,可爱的小男孩,这是什么？！,1,100,11000009,2,28,1,4,1,15,0.82,1400003,4,1,不知道是谁家的孩子。他似乎觉得冒险很有意思。,2,,,,,0,,0,,,,,,,,16,1,0,0,12,,
11000010,路边的小女孩,陪我玩，陪我玩。,1,100,11000010,3,28,1,4,1,20,0.86,1200006,4,1,不知道是谁家的孩子，让她加入真的好么？,2,,,,,0,,0,,,,,,,,100,1,0,0,12,,
11000011,努力的平凡人,我一定会努力的！,1,8,11000011,2,28,1,5,1,10,0.6,,4,1,他为了心中的目标一直努力着。不知道哪天他才能展现真正的潜能。,2,,,,,1,,0,,,,,,,,0,1,0,0,12,,
11000012,拐杖老者,人生就是一局棋，有进有退，有败有赢。,1,89,11000012,2,28,1,2,1,30,1.2,1900001,2,1,他已经非常老了，总是拉着你感慨人生。,2,,,100049,,0,,0,,,,,,,,4,1,0,0,12,,
11000013,闲逛婆婆,你也差不多该成家了啊。,1,89,11000013,3,28,1,3,1,44,1.1,,4,1,她做了多年的家庭妇女，总在你耳边碎碎念。并且热衷于为你介绍“对象”。,2,,,,,0,,0,,,,,,,,0,1,0,0,12,,
11000014,女佣,放着我来。,1,65,11000014,3,28,1,3,1,40,0.77,310001,1,1,放着我来！,2,,,,,0,,0,,,,,,,,0,1,1,6,12,,
11000015,滑稽小丑,一秒钟变格格。,1,113,11000015,3,28,1,3,1,30,0.91,320001,2,1,她的梦想是成为明星，但她只会讲一个笑话。,2,,,,,0,,0,,,,,,,,0,1,1,4,12,,
11000016,酒馆兔女郎A,不来喝一杯嘛？欧巴。,1,67,11000016,3,28,3,3,1,230,1.1,1200007,4,1,她热衷于各种名牌包包。如果你愿意送她的话，她就愿意做任何事。同时，她是A。所以她似乎从来没有收到过什么礼物。,50,,,100002,,0,,0,,,,,,,,4,3,0,0,8,,
11000017,酒馆兔女郎B,今晚……有些寂寞呢。,1,67,11000017,3,28,2,3,1,79,0.97,1700001,4,1,落寞贵族的女儿，父亲在讨伐魔铁巨像的战斗中阵亡了。至少她自己是这么说的。,15,,,100002,,0,,0,,,,,,,,10,2,0,0,10,,
11000018,酒馆兔女郎C,哼，居然让我和这些下等人一起旅行？,1,67,11000018,3,28,3,3,1,129,0.92,1700001,4,1,她在形象方面下了很多功夫，不明白的人总会以为他是英雄级的。,15,,,100002,,0,,0,,,,,,,,10,3,0,0,8,,
11000019,酒馆兔女郎D,唱歌的喝酒！,1,67,11000019,3,28,2,3,1,77,0.96,1700001,4,1,她擅长唱歌，但只在喝醉时才唱。不过这都不重要，D才是重点。,15,,,100002,,0,,0,,,,,,,,10,2,0,0,10,,
11000020,皇家女仆,欢迎回来，主人。,1,65,11000020,3,28,3,5,1,233,1.14,300003,2,1,她很贵，并且只为出的起血钻的人服务。,15,,,,,1,,0,,,,,,,,0,3,1,7,8,,
11000021,天才少年凯,你知道，地球到天狼星的距离吗？,1,56,11000021,2,28,1,2,1,320,1.23,,4,1,他年轻时就展现出过人的才华，只是这种才华没有持续多久。,2,,,,,0,,0,,,,,,,,0,1,0,0,12,,
11000022,苏罗斯,市场总是错的。,1,74,11000022,2,28,2,4,1,140,1.08,1100003,1,1,一位善于投机的商人，曾经导致世界陷入前所未有的矿石危机，导致大批的精灵和矮人失业。,15,,,,,0,,0,,,,,,,,6,2,0,0,10,,
11000023,异国传教士,我的主啊，保佑我。,1,63,11000023,2,28,2,4,1,130,1.03,320002,2,1,他从西方大陆来到这里，并且他一直尝试说服你和你的队伍信仰一头山猪。,15,,,,,0,,0,,,,,,,,0,2,1,4,10,,
11000024,土豪,想跟我做朋友？,1,74,11000024,2,28,1,3,1,80,1,1500001,4,1,我有的是血钻。想做我的朋友吗？,2,,,,,0,,0,,,,,,,,6,1,0,0,12,,
11000025,不起眼的青年,……,1,4,11000025,2,6,1,4,1,120,0.99,1600001,4,1,在学校好几年，班里也没有人叫得出他的名字，但如果你因为他的平凡而忽视他，你就错过了一个强大的人。,15,,,,,0,,0,,,,,,,,0,1,0,0,12,,
11000026,圣诞老人,圣诞快乐。,1,73,11000026,2,28,2,4,1,100,0.98,1200008,4,1,每年只干那么几天！却总能为商场带去大量血钻。但是，据说商场去年的工钱还没结给他。,15,,,100016,,0,,0,,,,,,,,10,2,0,0,10,,
11000027,认真的小女孩,我对你是认真的！,1,114,11000027,3,28,1,2,1,50,1.12,,4,1,她总是对事情过于认真，执着于自己认为对的事情。比如说坚信通过星座就能了解一个人。,2,,,100016,,0,,0,,,,,,,,0,1,0,0,12,,
11000028,圣诞驯鹿,我只是只驯鹿。,1,73,11000028,2,28,1,3,1,30,0.9,320003,2,1,有时候单干，有时候跟着圣诞老人。,2,,,100016,,0,,0,,,,,,,,0,1,1,3,12,,
11000029,圣诞杂耍者,想看表演吗？,1,73,11000029,3,28,1,3,1,35,0.87,320004,2,1,你觉得她总能躲开投来的飞刀，那是因为没能躲开的都不在了。,2,,,100016,,0,,0,,,,,,,,0,1,1,5,12,,
11000030,丛林密语者,嘘，你声音太大了。,1,5,11000030,3,16,2,4,1,88,0.97,310002,1,1,他们在丛林中讲传播着信息，当然，主要是八卦。,15,,,,,0,,0,,,,,,,,0,2,1,4,10,,
11000031,恐怖毒尾蝎,只需一秒钟，毒液就会充满你的全身。,1,44,11000031,5,18,3,5,1,312,1.09,1400007,4,1,丛林中的潜伏者，被咬上一口的话足以致命。,50,,,,,1,,0,,,,,,,,20,3,0,0,8,,
11000032,黑色屠杀者,世上每一个人都有罪，都该杀。,1,115,11000032,5,28,3,5,1,177,1.18,1100013,1,1,他已经数不清自己已经杀了多少人了，在他面前生命就是灰尘，轻轻一抹就会消散。,50,,,,,1,,0,,,,,,,,12,3,0,0,8,,
11000033,火山怒龙,喷发吧，我的怒火！,1,53,11000033,5,21,3,5,1,193,1.14,1200044,4,1,生活在火山上的巨龙，怒吼时可以引起火山喷发。,50,,,100005,,1,,0,,,,,,,,8,3,0,0,8,,
11000034,疾风怒龙,就算是光，我也可以追上。,1,53,11000034,5,21,3,5,1,205,1.15,310008,1,1,据说这是世界上最快的龙，被攻击者通常几乎还没反应过来已经被掀到半空中了。,50,,,100005,,1,,0,,,,,,,,0,3,1,7,8,,
11000035,冰封怒龙,冻结吧……,1,53,11000035,5,21,4,7,1,237,1.27,300013,2,1,表皮由于坚冰变的十分坚硬，几乎没有物体可以穿透他。,500,,,100005,,1,,0,,,,,,,,0,4,1,19,6,,
11000036,超能力小孩,猜猜哪个才是真的我。,1,100,11000036,3,6,3,5,1,200,1.15,320011,2,1,在受到威胁时，她会将自己分成数个。敌人几乎无法搞清哪个才是本尊。,50,,,,,1,,0,,,,,,,,0,3,1,6,8,,
12000001,汪汪犬,它可怜巴巴的看着你。,1,39,12000001,5,38,1,3,1,55,0.9,1200009,4,1,汪~汪~~汪~~~,2,,,100019,,0,,0,,,,,,,,100,1,0,0,12,,
12000002,喵喵猫,它粘着你的腿喵喵叫。,1,55,12000002,5,24,1,3,1,45,0.92,1700002,4,1,养猫注意事项一、它朝你卖萌，表示它需要食物。,2,,,100019,,0,,0,,,,,,,,100,1,0,0,12,,
12000003,鸡群首领,可能是个不错的食材呢！,1,12,12000003,5,14,2,4,1,35,0.98,1300003,4,1,它鸡群的首领，如果激怒它的话就再也没有鸡可以阻止它了。,15,,,100021,100019,0,,0,,,,,,,,6,2,0,0,10,,
12000004,沉默的羔羊,他看着你一下午，一言不发。,1,15,12000004,5,42,1,3,1,111,0.9,300004,2,1,连环杀手最易得手的目标。,2,,,100019,,0,,0,,,,,,,,0,1,1,5,12,,
12000005,迟钝奶牛,MOM~~~~~,1,3,12000005,5,27,1,2,1,25,1.13,1900002,2,1,奶牛有公牛嘛？？,2,,,100019,,0,,0,,,,,,,,3,1,0,0,12,,
12000006,褐色老马,累的时候可以用来骑。,1,123,12000006,5,22,1,3,1,120,0.93,,4,1,累了时可以用来骑，但只有少数几个人能驯服它。,2,,,100019,,0,,0,,,,,,,,0,1,0,0,12,,
12000007,森林座狼,毛色不错。,1,123,12000007,5,19,2,4,1,20,1.03,310003,1,1,如果你有一双短腿，就可以拿它当坐骑。,15,,,,,0,,0,,,,,,,,0,2,1,4,10,,
12000008,群居老鼠,吱吱……,1,15,12000008,5,30,1,3,1,50,0.92,320005,2,1,带着它冒险时，所有队员都必须小心保管自己的奶酪。,2,,,,,0,,0,,,,,,,,0,1,1,4,12,,
13000001,暴力打手,欺软怕硬？！拿拳头砸石头的那叫笨蛋,1,51,13000001,2,28,1,2,1,30,1.2,1200010,4,1,看起来很凶狠，其实非常弱。,2,,,,,0,,0,,,,,,,,15,1,0,0,12,,
13000002,商店街屠夫,五花肉一斤10元，两斤25。,1,87,13000002,2,28,1,3,1,40,0.91,1300001,4,1,只要打出折扣五花肉总能轻易的被卖光。即使肉的来路不正，也并非真正的五花肉。,2,,,,,0,,0,,,,,,,,0,1,0,0,12,,
13000003,蒙面刺客,扣动弩机的机会只有一次……,1,6,13000003,2,28,1,3,1,45,0.87,1200011,4,1,他是刺客联盟的低级会员，但是每年却要向联盟交大量会费，因为他相信用力甩动弩箭的话弩弹就能够射出曲线。,2,,,,,0,,0,,,,,,,,4,1,0,0,12,,
13000004,黑衣巫师,黑魔法的召唤，你听到了吗？,1,17,13000004,3,28,2,4,1,100,1,2000001,2,1,没有人知道她们来自哪里，但据说她们受到北部某处的驱逐才来到这片土地。,15,,,,,0,,0,,,,,,,,7,2,0,0,10,,
13000005,堕落护卫,这次行动之后，想回老家结婚了呢……,1,115,13000005,2,28,1,3,1,50,0.72,300005,2,1,因为个人的债务原因而加入了犯罪组织“堕落玫瑰”，担任炮灰，哦，不，是护卫工作。,2,,,,,0,,0,,,,,,,,0,1,1,8,12,,
13000006,恐惧影魔,Z。X。C，死在黑暗阴影中吧！,1,106,13000006,7,26,2,4,1,95,0.99,320006,2,1,影魔是魔族的中层阶级，本尊长着一张蝙蝠的脸，但在某些奇怪的国度他被规定戴着巨大鸟面具才能见人。,15,,,,,0,,0,,,,,,,,0,2,1,5,10,,
13000007,残破骷髅人,有牛奶吗，听说对点骨质疏松有帮助。,1,82,13000007,4,5,2,4,1,110,1.03,1700003,4,1,寂寞的时候，他是个不错的倾诉对象，他总会用空洞的眼睛看着你，然后发出咯咯声。,15,,,,,0,,0,,,,,,,,10,2,0,0,10,,
13000008,怒火地精,优质的矿石总是在地脉的最深处。,1,43,13000008,7,7,1,3,1,30,0.9,1200012,4,1,他徒手就能挖下钻石矿。当然，这只是个传说，通常他只是地表挖一些铜而已。,2,,,,,0,,0,,,,,,,,8,1,0,0,12,,
13000009,持镰执行者,我要惩罚你！混蛋，我是认真的！,1,119,13000009,7,26,3,5,1,190,1.15,1200013,4,1,魔界法律的执行者，虽然根本没有魔族在意那玩意，但它确实存在。,50,,,,,1,,0,,,,,,,,3,3,0,0,8,,
13000010,热情魅魔,扣子又开了，帮我系一下好吗？ ,1,92,13000010,3,23,1,3,1,50,0.9,1400001,4,1,“活着时你享受她的肉体，死去后她吞噬你的灵魂。”对于那些成天宅在家，三年没见过女人的术士来说，这个交易听起来确实难以抗拒。,2,,,,,0,,0,,,,,,,,18,1,0,0,12,,
13000011,冰艳魅魔,距离才是美。,1,20,13000011,3,23,1,3,1,45,0.86,1400001,4,1,冰艳魅魔的格言是欲擒故纵，这个策略到目前为止实施的还算顺利。顺便说一下，至今还没有谁曾和她签订契约。,2,,,,,0,,0,,,,,,,,18,1,0,0,12,,
13000012,恶魔食人花,吃不饱啊……,1,90,13000012,7,48,1,3,1,55,0.91,2200001,3,1,幽寒之地旅游指南第一条：远离食人花。,2,,,,,0,,0,,,,,,,,5,1,0,0,12,,
13000013,剧毒食人花,泡软了才美味。,1,90,13000013,7,48,2,4,1,90,1.02,2200001,3,1,幽寒之地旅游指南第二条：远离食人花。,15,,,,,0,,0,,,,,,,,5,2,0,0,10,,
13000014,脆弱的史莱姆,咕唧咕唧,1,84,13000014,6,47,1,3,1,15,0.9,,4,1,极为低级的魔界生物，通常负责给勇者送经验。,2,,,,,0,,0,,,,,,,,0,1,0,0,12,,
13000015,易碎的史莱姆,叽咕叽咕,1,84,13000015,6,47,2,4,1,105,0.97,,4,1,极为低级的魔界生物，通常负责给勇者送经验。,15,,,,,0,,0,,,,,,,,0,2,0,0,10,,
13000016,噩梦召唤者,哪个是现实？哪个是梦境？哎……头又痛了。,1,17,13000016,7,26,1,2,1,35,0.87,2200002,3,1,虽然他一直觉得自己被骗了，但因为已经交了学费，所以他最终还是学完了这门名为“噩梦术”的法术。,2,,,,,0,,0,,,,,,,,0,1,0,0,12,,
13000017,撕咬蜘蛛,再减两斤，就能挂在网上了。,1,49,13000017,5,18,1,3,1,40,0.78,310004,1,1,就目前的资料来看，撕咬蜘蛛很少织网。捕捉猎物主要靠飞扑。,2,,,,,0,,0,,,,,,,,0,1,1,4,12,,
13000018,大妖精,我的能力比一般人强一些。,1,132,13000018,3,50,2,4,1,100,0.96,1200069,4,1,较强的杂鱼。（解雇后似乎可以获得更多的荣誉碎片）,25,,,,,0,,0,,,,,,,,20,2,0,0,10,,
14000001,魔化市民,…………,1,120,14000001,2,28,1,3,1,45,0.89,1200014,4,1,通常，对于这些受到以太潮汐影响的魔化人类来说，解决他们的唯一办法是打头部。,2,,,,,0,,0,,,,,,,,20,1,0,0,12,,
14000002,魔化小女孩,…………,1,96,14000002,3,28,1,4,1,25,0.8,1200014,4,1,通常，对于这些受到以太潮汐影响的魔化人类来说，解决他们的唯一办法是打头部。,2,,,,,0,,0,,,,,,,,20,1,0,0,12,,
14000003,魔化小男孩,…………,1,96,14000003,2,28,1,3,1,55,0.86,1200014,4,1,通常，对于这些受到以太潮汐影响的魔化人类来说，解决他们的唯一办法是打头部。,2,,,,,0,,0,,,,,,,,20,1,0,0,12,,
14000004,魔化罪恶铁匠,…………,1,86,14000004,2,28,2,4,1,75,0.98,1200015,4,1,在受到以太潮汐影响前他就是一名罪犯，血月的力量让他更加狂暴。,15,,,,,0,,0,,,,,,,,8,2,0,0,10,,
14000005,魔化女祭司,…………,1,63,14000005,3,28,2,4,1,90,1.02,1700004,4,1,通常，对于这些受到以太潮汐影响的魔化人类来说，解决他们的唯一办法是打头部。,15,,,,,0,,0,,,,,,,,100,2,0,0,10,,
14000006,魔化商人,…………,1,74,14000006,2,28,1,3,1,55,0.9,1200014,4,1,通常，对于这些受到以太潮汐影响的魔化人类来说，解决他们的唯一办法是打头部。,2,,,,,0,,0,,,,,,,,20,1,0,0,12,,
15000001,火元素,叽嘛轰啦哔咔。,1,90,15000001,7,46,1,3,1,55,0.88,1200016,4,1,异世界侵入的永恒火焰之息形成的半智慧生物。,2,,,,,0,,0,,,,,,,,6,1,0,0,12,,
15000002,水元素,咔泡咔泡。,1,90,15000002,7,46,1,3,1,45,0.9,320007,2,1,异世界侵入的永恒激流之息形成的半智慧生物。,2,,,,,0,,0,,,,,,,,0,1,1,4,12,,
15000003,冰元素,叮卜隆哔哔叮咚。,1,90,15000003,7,46,1,3,1,40,0.91,300006,2,1,异世界侵入的永恒冰冷之息形成的半智慧生物。,2,,,,,0,,0,,,,,,,,0,1,1,5,12,,
15000004,光之子,咕兮速嗒呛呛。,1,90,15000004,7,46,1,3,1,40,0.92,1800002,2,1,异世界侵入的永恒光明之息形成的半智慧生物。,2,,,100013,,0,,0,,,,,,,,11,1,0,0,12,,
15000005,暴躁的火元素,轰啦轰啦轰啦。,1,90,15000005,7,46,2,3,1,133,0.78,1100004,1,1,由于以太潮汐的影响从异世界侵入的混乱生物。,15,,,,,0,,0,,,,,,,,15,2,0,0,10,,
15000006,热焰火精灵,我能轻而易举地把生物变成烤肉！,1,29,15000006,3,46,3,4,1,342,1.31,1200017,4,1,来自异世界的智慧生物，小心别被他的热焰吞没。,50,,,,,0,,0,,,,,,,,30,3,0,0,8,,
15000007,静怡水精灵,水波的律动引领着未来的动向。,1,29,15000007,3,46,2,4,1,98,1,2000002,2,1,异世界生物研究注意手册第三十五条，请勿将静怡水精灵加热。,15,,,,,0,,0,,,,,,,,8,2,0,0,10,,
15000008,自然同步者,我感到世界之树的呼吸越来越弱了。,1,94,15000008,3,31,2,4,1,80,1.01,2100001,2,1,她总是用难懂的异界语向你宣扬环保主题，相信我，你不会想听的。,15,,,,,0,,0,,,,,,,,12,2,0,0,10,,
15000009,光之祭司,圣光笼罩着你。,1,29,15000009,3,9,2,3,1,103,1.21,1600002,4,1,光之祭司通常都是光之族穷人家的小女孩，大约100岁时加入教会，然后要为教会服务大约3000年。,15,,,100013,,0,,0,,,,,,,,6,2,0,0,10,,
15000010,光之教父,谁也无法超过光的速度。,1,34,15000010,2,9,3,5,1,200,1.17,300007,2,1,光之族人口稀少，男性更是稀少，如果一个男性能够拥有3个以上的子嗣，根据传统他就会被任命教父之职。,50,,,100013,,1,,0,,,,,,,,0,3,1,7,8,,
15000011,坚冰魅魔,欣赏光与影的舞蹈吧~~,1,92,15000011,3,23,2,4,1,112,0.98,1200018,4,1,数万年前，由于魅魔与人类交往过密，曾被魔族统领阿撒莱斯流放异世界，坚冰魅魔就是她们的后代。,15,,,,,0,,0,,,,,,,,15,2,0,0,10,,
15000012,激流水妖,溺水的生物会散发出特殊的芳香。,1,110,15000012,6,33,2,4,1,100,1.02,310005,1,1,激流水妖是一种凶残的生物，千万别和他单独呆在一起。,15,,,,,0,,0,,,,,,,,0,2,1,5,10,,
16000001,尼薇尔,权力和情欲你选哪个？,1,65,16000001,3,28,2,4,1,120,0.86,1300004,4,1,传说中的“蓝魔”，被权力和情欲所禁锢，是一位十分美丽的女性。通常使用匕首来战斗。,15,,,100023,,0,,0,,,,,,,,0,2,0,0,10,,
16000002,暴力迪卡,毁灭~~全部毁灭。,1,122,16000002,2,28,2,4,1,130,0.99,310006,1,1,受到以太潮汐的影响，可怕的罪犯被魔化后逃出了监狱，变的非常强大，至今脱逃中。,15,,,,,0,,0,,,,,,,,0,2,1,4,10,,
16000003,魔人亚非德,力量就是一切。,1,122,16000003,2,28,2,4,1,90,1.02,1100005,1,1,主动将自己暴露在以太潮汐中，最终魔化，但似乎还保留了大部分的意识。,15,,,,,0,,0,,,,,,,,6,2,0,0,10,,
16000004,魔化人凯,不管怎样，我更强了！,1,56,16000004,3,28,2,4,1,100,0.9,300008,2,1,天才少年的魔化版。嗯？我竟然是女人！能力似乎大大加强了。,15,,,,,0,,0,,,,,,,,0,2,1,7,10,,
16000005,魔化人柯西,破坏~尽情的破坏吧！,1,122,16000005,2,28,2,4,1,111,0.99,1200014,4,1,受到以太潮汐的影响，可怕的罪犯被魔化后逃出了监狱，变的非常强大，至今脱逃中。,15,,,,,0,,0,,,,,,,,20,2,0,0,10,,
16000006,迪菲亚头目,迪菲亚兄弟会欢迎你。,1,122,16000006,2,28,2,4,1,120,1,1500002,4,1,迪菲亚是商店街的地头蛇，除了收保护费以外，还从事人口贩卖，危险品走私等犯罪活动。但他们的头目却意外地喜爱音乐。,15,,,,,0,,0,,,,,,,,6,2,0,0,10,,
16000007,赤炎特工,好像我真的准备干掉你似的。,1,85,16000007,2,28,2,4,1,88,1.03,1200019,4,1,总体来说他就是一个光头中年人。,15,,,,,0,,0,,,,,,,,4,2,0,0,10,,
16000008,赤眼阿菲德,别盯着我看，这很危险。,1,109,16000008,3,16,2,4,1,90,1.05,2100002,2,1,可能是因为以太潮汐的影响，她生来拥有一双火红的眼睛，也因为这样她被其他精灵排挤从此开始独自生活。,15,,,,,0,,0,,,,,,,,14,2,0,0,10,,
16000009,京阶,若你想向他们复仇，我就会帮你。若是想要平淡的生活，我也会让你如愿。,1,37,16000009,2,6,2,5,1,800,0.6,1700005,4,1,总是带着一脸笑容，似乎可以掌握一切。,15,,,,,1,,0,,,,,,,,8,2,0,0,10,,
16000010,新吧唧,我可不是眼镜。,1,18,16000010,2,28,2,4,1,70,0.82,1200020,4,1,反射神经差，运动神经差，没有女人缘。特技是吐槽，歌手“寺门通”的铁杆粉丝。认真起来的话，剑技会大幅爆发。,15,,,100007,100012,0,,0,,,,,,,,8,2,0,0,10,,
16000011,阿妙姐,无论变得怎样满是皱纹，不管腰多么的弯曲，绝对不会折断笔直的剑。,1,67,16000011,3,28,2,4,1,80,1.02,1200021,4,1,拿手的菜是鸡蛋烧，武器是鸡蛋烧。只要是在锅里煎过的鸡蛋，不管变成什么样子都是煎鸡蛋哦！,15,,,100012,,0,,0,,,,,,,,2,2,0,0,10,,
16000012,抖m小猿,继续鄙夷我吧，这样我才活得下去。,1,71,16000012,3,28,2,4,1,90,0.93,320008,2,1,不戴眼镜就什么也看不见的女忍者，特技是跟踪，属性是抖M。,15,,,,,0,,0,,,,,,,,0,2,1,6,10,,
16000013,松平片米虎,只要戴墨镜的都是杀手。,1,35,16000013,2,28,2,4,1,102,0.91,1200048,4,1,警察厅长官。真选组的顶头上司，花天酒地的大叔。,15,,,,,0,,0,,,,,,,,1,2,0,0,10,,
16000014,小苹果,火~~火火火。,,83,16000014,5,32,2,4,1,666,1.33,1900014,2,1,神奇的果子，咬一口就能回忆起前世今生过往种种。,3000,,,,,1,,0,,,,,,,,8,2,0,0,10,,
17000001,美狄亚,只有咏唱魔法的时候我才会开口……,1,17,17000001,3,16,3,5,1,230,1.12,320009,2,1,为了所爱之人，抛弃了自己的国家和家庭，却又被所爱之人抛弃。她只属于永远的怨恨和无尽复仇。,50,,,,,1,,1,17000001.png,万符必将破戒,戒指,,1,4,1,0,3,1,14,8,,
17000002,佐佐木小次郎,燕返不是那么了不起的技艺。只是偶尔想要斩下燕子，就自然学到的东西而已呐。,1,31,17000002,2,28,3,5,1,100,1.17,320023,2,1,他游历各国磨练剑技，并独自创立了流派“眼流”，擅长使用三尺的长刀。,50,,,100008,,1,,1,17000002.png,燕返之剑,剑,,,4,2,0,3,1,15,8,,
17000003,洛基,跪下。,1,27,17000003,2,45,3,5,1,140,1.09,2200003,3,1,他生于黑暗却在光明世界长大，擅用幻术和阴谋。,50,,,100029,,1,,1,17000003.png,意志魔杖,魔杖,,,4,2,8,3,1,8,8,,
17000004,海格利斯,啊啊啊啊啊啊啊~,1,42,17000004,2,45,4,7,1,500,1.41,1100006,1,1,用理智的丧失换来了至高的战斗力，拥有死亡后自动使肉体苏生的能力，肉体中储存着11个生命的能量。,100,,,,,1,,1,17000004.png,狂战士之魂,他的12条命,,,4,2,9,4,1,18,6,,
17000005,范海辛,敌人在哪？,1,48,17000005,2,28,3,5,1,200,1.15,1100007,1,1,用勇气和智慧对抗着以太潮汐带来的世界范围内的魔化。,50,,,,,1,,1,17000005.png,圣骑士团徽章戒指,戒指,,5,,1,9,3,1,7,8,,
17000006,服部半藏,今天就是你的死期！,1,71,17000006,2,28,3,5,1,250,1.02,1200023,4,1,服部半藏和他旗下的杀手集团一贯行事低调，所以很少有人知道他们的名号，但在生意上的确对刺客联盟造成了不小的竞争。,50,,,,,1,,1,17000006.png,闇牙黄泉津,像死神镰刀一样的武器,,,5,1,8,3,1,7,8,,
17000007,历来米亚,在火焰中永生吧。,1,115,17000007,7,46,3,5,1,230,1.14,1200024,4,1,米亚家族的长子能够操控永恒火焰之息，是火焰之界的王者。,50,,,100014,,1,,0,,,,,,,,6,3,0,0,8,,
17000008,达罗斯米亚,在激流中飘荡吧。,1,17,17000008,7,46,3,5,1,250,1.04,1400004,4,1,米亚家族的次子能够操控永恒激流之息，是激流之界的王者。,50,,,100014,,1,,0,,,,,,,,16,3,0,0,8,,
17000009,艾锐尔米亚,在圣光下安息吧。,1,94,17000009,7,46,3,5,1,200,0.92,2000003,2,1,米亚家族的小儿子能够操控光明之息，是光明之界的王者，同时也是光之族的偏神。,50,,,100014,,1,,0,,,,,,,,20,3,0,0,8,,
17000010,爵士凯,我只是偶尔管不住自己的嘴巴。,1,68,17000010,2,28,3,5,1,200,1.15,1800001,2,1,圆桌骑士团的成员，一位正直的骑士，只是有点管不住自己的嘴巴。,50,,,100011,,1,,1,17000010.png,忠诚信条,无出处,,6,,,12,3,1,6,8,,
17000011,迪卢木多,自古枪兵幸运e。,1,68,17000011,2,28,3,5,1,180,1.15,2200004,3,1,费奥纳骑士团的首席勇士，刀法过人，注重骑士道，是以个人名誉而战斗的男人。,50,,,,,1,,1,17000011.png,破魔的红蔷薇,长枪,3,3,,,6,3,1,6,8,,
17000012,梅林,我，为了辅助你而生，我引以为荣，我无比珍惜。,1,94,17000012,2,1,3,5,1,300,1.1,1900003,2,1,一位修女和精灵所生的子嗣，拥有强大的魔力。能够与动物交谈。,50,,,100022,,1,,1,17000012.png,梅林法袍,法袍,,3,3,,6,3,1,6,8,,
17000013,马忠,我完成了超越神的杀戮。,1,56,17000013,2,28,3,5,1,400,1.09,1200025,4,1,马忠在“补刀”方面颇有造诣，曾取下过许多名将的首级。,50,,,,,1,,1,17000013.png,猎头弓,剪,3,,3,,9,3,1,6,8,,
17000014,土方岁三,有蛋黄酱吗？,1,116,17000014,2,28,3,5,1,188,1.1,1600003,4,1,童年时他到处流浪，后加入新撰组，外形冷酷，被人称作鬼副长，很受女性喜爱。,50,,,,,1,,1,17000014.png,真选组钢叉,蛋黄酱,,3,,,0,3,1,3,8,,
17000015,托比·托普兰,KUMA~KUMA~,1,107,17000015,2,40,3,5,1,220,1.13,1800004,2,1,勇者有两种，拯救世界的勇者和拯救凡人的勇者，KUMA。,50,,,,,1,,1,17000015.png,白色手套,眼罩,,,4,2,15,3,1,8,8,,
17000016,钢锻精英卫士,我就是你的盾。,1,115,17000016,2,28,3,5,1,181,1.03,300012,2,1,穿着非常重量级的装甲，以至于无法好好蹲下。真正的装备党。,50,,,,,1,,1,17000016.png,黑岩战甲,盔甲,,6,,,0,3,1,15,8,,
17000017,破甲者比亚,没有人能阻挡我的冲锋。,1,115,17000017,2,2,3,5,1,222,1.13,1100012,1,1,宙斯的私生子，被抛弃后成为了半魔人。,50,,,,,1,,1,17000017.png,复仇头冠,头冠,5,,,,10,3,1,5,8,,
17000018,早乙女.女,热水真好……,1,91,17000018,3,28,3,5,1,220,1.15,1300010,4,1,受到奇妙的诅咒，碰到水将会改变性别。,50,,,,,1,,1,17000018.png,三千元相片,相片,6,,,,0,3,1,6,8,,
17000019,小茜,放心吧，那不是我做的，是我在外面买的，你可以安心的吃……,1,91,17000019,3,28,3,5,1,210,1.15,1200045,4,1,早乙女的未婚妻。成绩优良、运动万能、在烹调与手工艺方面的素养却令人实在不敢恭维。,50,,,100015,,1,,1,17000019.png,漂亮的长裙,裙子,,3,3,,29,3,1,6,8,,
17000020,苍雷,啊，辫子妹妹，小茜，我两边都不愿意放弃！,1,91,17000020,2,28,3,5,1,200,1.15,1500006,4,1,高校剑道部的主将，自称“高校的苍雷”。,50,,,,,1,,1,17000020.png,木刀,木刀,,3,3,,9,3,1,6,8,,
17000021,沐志,珊噗……永远都是我的新娘子……,1,91,17000021,2,28,3,5,1,200,1.15,2200009,3,1,擅长使用暗器的高手，可以将自己变鸭子。,50,,,,,1,,1,17000021.png,高度近视眼镜,眼镜,4,2,,,4,3,1,6,8,,
17000022,珊噗,和早乙女结婚的是我！我要把阻碍我的人全都清除掉！,1,91,17000022,3,28,3,5,1,182,1.16,1100016,1,1,打败她的人，她将以身相许。,50,,,,,1,,1,17000022.png,女杰族铁锤,铁锤,4,,2,,8,3,1,6,8,,
17000023,蕾见不二籽,我喜欢的是宝藏，宝石，美男，摩托车。,1,4,17000023,3,28,3,5,1,200,1.15,2100009,2,1,复合超能力者，接吻狂魔，女性注意。,50,,,,,1,,1,17000023.png,巴贝尔的秘密,超能力,,2,2,2,8,3,1,8,8,,
17000024,德川家茂,三角裤，我觉得挺好的。,1,117,17000024,2,28,3,5,1,500,1.18,,4,1,一个运气超差的人物，现任征夷大将军。虽然什么也不会，但身份非常高贵。,50,,,,,1,,1,17000024.png,运动三角裤,三角裤,,6,,,0,3,1,6,8,,
17000025,大乔,妹妹，请为我抚琴一曲。,1,92,17000025,3,28,3,5,1,211,1.15,1800008,2,1,大乔有倾国之色，顾盼生姿，明艳照人，堪称绝代佳丽。,50,,,100010,,1,,1,17000025.png,万花翎,羽毛,,,,3,80,3,1,6,8,,
17000026,小乔,能配上我琴声的舞蹈，只有姐姐才跳得出来。,1,45,17000026,3,28,3,5,1,208,1.16,1600006,4,1,小乔国色流离，资貌绝伦。后嫁与才俊周公瑾，谓英雄美女，天作之合。,50,,,100010,,1,,1,17000026.png,万花锥,锥,,,,3,0,3,1,6,8,,
17000027,黄月英,赠君鹅毛扇，以蔽喜怒色。,1,7,17000027,3,28,3,5,1,199,1.16,1200052,4,1,才学出众，精于机关，由于被村中女子嫉妒传为相貌奇丑，其实却有天人之姿。但与其才学相比姿色倒显其次。,50,,,,,1,,1,17000027.png,湖底苍月,长杆上绑着一个匕首的样子,4,,,2,0,3,1,8,8,,
17000028,机械工程兵A,叽咕叽咕叽咕工作中……,1,23,17000028,5,13,3,5,1,320,1.17,,4,1,上古神秘科技的产物，使用了非常优秀的再生技术进行制造。在解雇时可以获得额外的荣誉碎片。,70,,,,,1,,1,17000028.png,碧之齿轮,齿轮,,3,3,,0,3,1,6,8,,
17000029,机械工程兵B,伤害控制进展中…伤害控制进展中……,1,23,17000029,5,13,3,5,1,188,1.16,1900009,2,1,上古神秘科技的产物，主要功能是在施工中修复其他机械同伴的损伤，但在后来的拓展应用中它也被用于救护其他生物类的同伴。,50,,,,,1,,1,17000029.png,银之齿轮,齿轮,,3,3,,0,3,1,6,8,,
17000030,千女神,开门啊，芝麻开门。开门啊，芝麻开门。哎哟，真的开了。,1,70,17000030,3,28,3,5,1,166,1.17,300017,2,1,女神，但是没有常识，也没有朋友，常常一说话就闹笑话，被网民封为靠“无知闻名”的代表。,50,320001,,100030,,1,,1,17000030.png,梳妆镜,跑车,4,2,,,0,3,1,14,8,,
17000031,茶茶,待命！不可让秀赖置身于危机重重的战场！,1,25,17000031,3,28,3,5,1,277,1.15,1900019,2,1,浅井长政与阿市的大女儿，丰臣秀吉的侧室。,50,,,100044,,1,,1,17000031.png,丰臣太刀,,4,,,2,5,3,1,8,8,,
17000032,阿初,姐姐，不要那么固执…,1,25,17000032,3,28,3,5,1,133,1.18,300022,2,1,浅井长政与阿市的二女儿。,50,,,100044,,1,,1,17000032.png,京极打刀,,,4,,2,0,3,1,11,8,,
17000033,阿江,哎呀呀他，不得了了！,1,25,17000033,3,28,3,5,1,196,1.17,2100008,2,1,浅井长政与阿市的三女儿。,50,,,100044,,1,,1,17000033.png,德川短刀,,3,3,,,13,3,1,6,8,,
17000034,少先队员,你们多学学我，没事多看看报纸提高自我修……哎！谁动了我的辣条！！有本事放学别走！！,1,101,17000034,2,28,3,5,1,220,1.15,1100058,1,1,爱读书爱看报，紧跟国家大事，热爱祖国的三好有为青年。,50,,,,,1,,1,17000034.png,两道杠,,1,1,1,3,10,3,1,9,8,,
17000035,九鬼嘉隆,我的大安宅船是无敌的！,,135,17000035,2,28,3,5,1,156,1.13,1200090,4,1,是九鬼家族水军第八代当主，被人称作“海贼大名”。,50,,,,,1,,1,17000035.png,武士刀,,,3,3,,2,3,1,6,8,,
17000036,寒鸦号爱德华,如果万物皆虚，那我们应该相信什么？如果万物皆允，那我们为什么不追随自己的欲望呢？,,135,17000036,2,28,3,5,1,167,1.16,320027,2,1,闻名的刺客兼海盗，天生的麻烦制造者。,50,300001,,,,1,,1,17000036.png,袖箭,,,3,3,,0,3,1,14,8,,
17000037,黑萨姆,盗亦有道，我们心中仁义长存。,,135,17000037,2,28,3,5,1,236,1.13,2100013,2,1,传奇海盗之一，由于他对同伙慷慨，对俘虏宽容，还获得了“海贼王子”“公海罗宾汉”的称呼。,50,,,,,1,,1,17000037.png,钱币,,,3,3,,8,3,1,6,8,,
17000038,巴沙洛缪·罗伯茨,过及时行乐的生活。,,135,17000038,2,28,3,5,1,178,1.15,1200098,4,1,一个奇怪的海盗，他竟然不喝酒，只喝茶，还禁止船员赌博，鼓励船员向上帝祈祷，好吧，是在下输了。,50,,,,,1,,1,17000038.png,红石链子,,6,,,,4,3,1,6,8,,
18000001,宫本武藏,当敌人攻击时，你要用你的身体去攻击，用你的意志去攻击，全力施为，不留后路，这是狂攻。,1,9,18000001,2,28,4,7,1,198,1.3,320010,2,1,一位传奇人物，二刀流的创造者，除了剑术，还在体术，手里剑，兵法方面极有造诣。,250,,,100008,,1,,1,18000001.png,伯耆国安纲太刀,太刀,,4,3,,0,4,1,25,6,,
18000002,哈桑萨巴赫,见过我的人都死了。,1,6,18000002,2,28,4,7,1,152,1.32,1200026,4,1,刺客联盟真正的幕后组织者，别号“山中老人”。据说从来没有人真正见过他。,250,,,,,1,,1,18000002.png,刺杀拳剑,技能,3,4,,,4,4,1,17,6,,
18000003,美杜莎,只有岩石才是永恒……,1,121,18000003,3,26,4,7,1,200,1.3,2200005,3,1,原本是美丽的人类女性却因为得罪了雅典娜被变化成为可怕的魔物，被永世的孤独所缠绕。,250,,,,,1,,1,18000003.png,骑英之缰绳,是缰绳与鞭子成对的珍稀类型的宝具,7,,,,8,4,1,17,6,,
18000004,托尔,我抽了个锤子。,1,115,18000004,2,45,4,7,1,323,1.12,2200042,3,1,北欧神话中掌管战争与农业的神，每当雷雨交加时，就是托尔乘坐山羊拉的战车出来巡视，因此也被人们称作“雷神”。,250,,,100029,,1,,1,18000004.png,雷神之锤,锤子,2,2,3,,30,4,1,17,6,,
18000005,高文,剑技也是艺术的一种。,1,68,18000005,2,28,4,7,1,357,1.34,300029,2,1,圆桌骑士团的成员，外形俊美，剑技高超，被称为“少女的骑士”。,250,310013,,100011,,1,,1,18000005.png,风度信条,无出处,5,,,2,0,4,1,28,6,,
18000006,兰斯洛特,王，我一定会相信，总有一天能找到原谅自己的方法。,1,68,18000006,2,28,4,7,1,380,1.27,2100003,2,1,圆桌骑士团中最著名的骑士，曾经以一人之力斩杀了上千只魔化人。被称为“骑士之花”。,250,,,100011,100023,1,,1,18000006.png,勇气信条,无出处,,5,,2,6,4,1,19,6,,
18000007,特里斯坦,秋天又到了……,1,68,18000007,2,28,4,7,1,300,1.19,300010,2,1,圆桌骑士团的成员，一位国王的儿子。平生喜欢音乐和唱歌，被称为“多愁善感的骑士”。,250,,,100011,,1,,1,18000007.png,情感信条,无出处,,,5,2,0,4,1,30,6,,
18000008,人魔之子,我…才不是什么麼恶魔呢。,1,69,18000008,2,2,4,7,1,400,1.24,1300005,4,1,擅长各种料理，有一手“无论嫁到哪里都不会蒙羞的手艺”。,250,,,,,1,,1,18000008.png,俱利伽罗,又称降魔剑,,,7,,0,4,1,17,6,,
18000009,关云长,大哥...三弟…,1,115,18000009,2,28,4,7,1,300,1.28,310017,1,1,早年卖过绿豆，后来成为了武圣。多读书，多看报，多练武，他总是这样教导年轻人。,250,330029,300033,100004,,1,,1,18000009.png,青龙偃月刀,大刀,,2,3,2,0,4,1,25,6,,
18000010,赵子龙,常山赵子龙在此，尔等准备受死吧。,1,109,18000010,2,28,4,7,1,250,1.3,1100008,1,1,不管多艰苦的战斗，他都从来不曾受伤。,250,,,100004,,1,,1,18000010.png,龙胆亮银枪,长枪,,2,3,2,12,4,1,19,6,,
18000011,吕奉先,尔等，将貂蝉藏于何处！,1,42,18000011,2,28,4,7,1,400,1.29,1100055,1,1,武器是方天画戟，特长是战斗，弱点是天真！,250,,,100009,,1,,1,18000011.png,方天画戟,长戟,2,3,,2,10,4,1,19,6,,
18000012,夜兔族少女,肚子饿了……,1,52,18000012,3,43,4,7,1,258,1.2,1300018,4,1,明明身为13，14岁的萝莉，却像“退休的警察”一样，经常抠着鼻孔说一些世态炎凉的话。,250,,,100007,,1,,1,18000012.png,紫伞,伞,,7,,,0,4,1,17,6,,
18000013,大天使米色尔,闪耀吧，永恒之圣光。,1,11,18000013,3,36,4,7,1,255,1.23,1200041,4,1,守护着卡萨雷多圣地的大天使。,250,,,,,1,,1,18000013.png,天使之翼,翅膀,,,7,,4,4,1,17,6,,
18000014,柳生十兵卫,剑乃心剑，眼乃心眼。,1,31,18000014,2,28,4,7,1,300,1.17,1300009,4,1,一代大剑豪，柳生新阴流的发明者，所谓无刀取就是传说中的空手入白刃。,250,,,,,1,,1,18000014.png,大和守,日本刀,,7,,,0,4,1,17,6,,
18000015,早乙女.男,小茜是我的未婚妻，谁也别想动她！,1,91,18000015,2,28,4,7,1,281,1.28,1200042,4,1,受到奇妙的诅咒，碰到水将会改变性别。,250,,,100015,100024,1,,1,18000015.png,斗气,栓头发的绳子,,,7,,0,4,1,17,6,,
18000016,牙拳小p,不管小茜小姐会爱上谁，我的心永远都不会变……,1,91,18000016,2,28,4,7,1,270,1.27,1200043,4,1,受到奇妙的诅咒，遇到水会变成一只黑猪。,250,,,100024,,1,,1,18000016.png,龙牙拳套,头巾,,,5,2,41,4,1,19,6,,
18000017,路西法,我，永不臣服。,1,16,18000017,2,26,4,7,1,222,1.3,1100014,1,1,原为上帝身边最美丽最权势者，因为拒绝臣服于圣子而举起反旗，最终被认定为恶魔的化身。,250,,,100018,,1,,1,18000017.png,审判之刺,无出处,,7,,,13,4,1,17,6,,
18000018,黑龙奥萨拉,别逼我吐火。,1,53,18000018,5,20,4,7,1,1200,1,1200047,4,1,火山怒龙的统领者。周身布满纯黑色的美丽鳞片。,250,,,100005,,1,,1,18000018.png,魔龙之火,无出处,,7,,,12,4,1,17,6,,
18000019,桂小五郎,不是桂，是假发。,1,21,18000019,2,28,4,7,1,218,1.29,1300011,4,1,"由于正被幕府通缉和进行各种活动, 因此经常变装, 如海盗、和尚、侍应、忍者等。",250,,,100006,,1,,1,18000019.png,假发,伊丽莎白,7,,,,0,4,1,17,6,,
18000020,丹妮莉丝,听从我的命令吧，我的孩子。,1,54,18000020,3,28,4,7,1,200,1.3,2200010,3,1,她在风暴中降生，有着银金色的头发和紫色的眼睛。身材娇小，美貌绝伦。,250,,,100020,100017,1,,1,18000020.png,恒古龙蛋,龙蛋,,4,3,,6,4,1,17,6,,
18000021,坂本龙马,我的征途是星辰大海。,1,111,18000021,2,28,4,7,1,280,1.24,2000005,2,1,从小喜欢仰望星空的他对宇宙充满热爱与追求，于是在攘夷战争的后期告别了战友驶向宇宙。,250,,,100006,,1,,1,18000021.png,星之太阳镜,太阳眼镜,6,,,2,20,4,1,20,6,,
18000022,貂蝉,奴家失礼了……,1,92,18000022,3,28,4,7,1,207,1.28,310009,1,1,惊艳的姿色让人看过一眼就无法忘怀，素来有“闭月”之称。玲珑的身材却拥有能够倾覆一个时代的力量。,250,,,100009,,1,,1,18000022.png,魅惑之花,绸缎,,,5,2,0,4,1,29,6,,
18000023,张翼德,大哥…二哥…俺翼德来也……,1,115,18000023,2,28,4,7,1,300,1.3,1100056,1,1,著名的军事家，书法家。在战斗方面能够胜过他的只有5人……,250,,,100004,,1,,1,18000023.png,丈八蛇矛,蛇矛,,4,3,,0,4,1,17,6,,
18000024,行者武松,哪儿来的大虫？还不快快降服于我？,1,115,18000024,2,28,4,7,1,255,1.28,1100017,1,1,武家次子，击杀橙色野外BOSS杀人虎后，盛名远扬。,250,,,,,1,,1,18000024.png,打虎棍,戒刀,,7,,,10,4,1,17,6,,
18000025,花和尚鲁智深,千军万马中我都能进进出出，对付你们几个小混混算什么！,1,42,18000025,2,28,4,7,1,273,1.27,1300013,4,1,为了逃避官府的通缉而出家，是个武功卓越，力拔千钧的“和尚”。,250,,,,,1,,1,18000025.png,水磨禅杖,禅杖,,7,,,0,4,1,17,6,,
18000026,马超,谁敢来试试我手中的长剑？,1,115,18000026,2,28,4,7,1,182,1.31,300015,2,1,被世人称为“狮盔银甲玉面郎”的强大武士。在剑法方面有非常高的造诣。,250,,,100004,,1,,1,18000026.png,虎头湛金枪,长枪,,7,,,0,4,1,27,6,,
18000027,黄忠,老夫来也！,1,76,18000027,2,28,4,7,1,192,1.3,1100018,1,1,黄忠在弓术方面被世人称颂，但其刀术也出类拔萃曾以赤血刀斩杀数千魔化人。,250,,,100004,,1,,1,18000027.png,狮阿坠灭弓,弓,,,5,2,5,4,1,19,6,,
18000028,比尔博巴金丝,让我们出发冒险吧！,1,108,18000028,2,3,4,7,1,182,1.25,1100029,1,1,抵制诱惑能力一流的伟大半身人。,250,320004,,,,1,,1,18000028.png,至尊魔戒,,,-12,5,4,2,4,1,16,6,,
18000029,都教授,无论是否情愿，该发生的事情总是会发生的，地球人把这种事情叫做命运。,1,33,18000029,2,37,4,7,1,234,1.29,320015,2,1,400年前坠落在地球的外星人，带着他迄今为止4个世纪的秘密，独自在地球上生活着。,250,1200061,1100031,100030,,1,,1,18000029.png,爱德华的奇妙之旅,书,,,7,,7,4,1,19,6,,
18000030,口袋猫,我要吃铜锣烧~,1,88,18000030,2,12,4,7,1,191,1.31,320016,2,1,未来科技的结晶，会掏出各种各样奇怪的道具。如果铃铛被拿掉就会野化。,250,,,,,1,,1,18000030.png,空间袋,口袋,,3,4,,0,4,1,26,6,,
18000031,奥巴马,如今，我们面对的是一个全新的责任时代。,1,118,18000031,2,11,4,7,1,100,1.3,1200062,4,1,一匹自由自在的马。,250,,,100031,,1,,1,18000031.png,宪法,书,6,,,1,10,4,1,18,6,,
18000032,郭嘉,急攻则敌必合力以拒之，缓攻则使其内必自乱。,1,62,18000032,2,28,4,7,1,243,1.26,1900010,2,1,才策谋略，世之奇士。但由于天妒英才早早就离世了。,250,,,100072,,1,,1,18000032.png,十胜十败论,书,,,7,,7,4,1,17,6,,
18000033,金三胖,我要处死你！,1,118,18000033,2,28,4,7,1,222,1.24,300018,2,1,五岁打飞机，八岁开坦克，父亲拥有徒手击落间谍卫星的强大的能力，传奇的经历伴随着传奇的人生。,250,,,100031,,1,,1,18000033.png,劳动人民军章,勋章,,5,,2,0,4,1,29,6,,
18000034,甄姬,仿佛兮若轻云之蔽月，飘飘兮若流风之回雪。,1,92,18000034,3,28,4,7,1,186,1.31,330011,3,1,传说中洛神下凡，世上唯一一个曾拒绝封后的女子。真性情，烈女子！,250,,,,,1,,1,18000034.png,月妖日狂,金钗,3,,4,,0,4,1,25,6,,
18000035,万年小学生,我在哪里，凶案就在哪里。,1,57,18000035,2,28,4,7,1,200,1.3,1300014,4,1,其真身为一名高中生，小福尔摩斯，日本警(fei)察(wu)的救世主。,250,,,,,1,,1,18000035.png,科技之动力鞋,鞋子,,2,5,,0,4,1,17,6,,
18000036,奶茶妹,我等待着人们将我淡忘。,1,101,18000036,3,28,4,7,1,100,1.22,1700015,4,1,所以，真正奶茶妹，只是一个符号。,250,,,,,1,,1,18000036.png,女神奶茶,奶茶,5,,,2,15,4,1,19,6,,
18000037,卫宫土郎,人被杀就会死，这是理所当然的。,1,101,18000037,2,28,4,7,1,166,1.22,1200064,4,1,家政能力MAX，理想是像自己的父亲一样做正义的伙伴，一个热心的老好人。,250,,,100035,,1,,1,18000037.png,无限剑制,魔法,,,5,2,9,4,1,19,6,,
18000038,苍老师,如果一个男的总是让女友感到他的成熟，那么，我想，这个女人可能没有能走进他的内心。,1,103,18000038,3,28,4,7,1,192,1.29,1800013,2,1,在世界上的某些地区她是演艺界的。但在世界上的另一些地区她是教育界的。,250,,,,,1,,1,18000038.png,宅男之学习文件夹,文件夹,2,2,3,,4,4,1,17,6,,
18000039,爱伦,你这样的败北主义者，留在前线只会影响士气。,1,115,18000039,2,28,4,7,1,99,1.21,1900012,2,1,他是一位喜欢咬手的少年，咬了手之后可以变身为……,250,,,100036,,1,,1,18000039.png,巨人之血,血滴,3,,2,2,2,4,1,19,6,,
18000040,三师弟,我的存在感已经弱到了没有什么好介绍的…,1,36,18000040,2,28,4,7,1,192,1.28,300021,2,1,大师兄，师傅被抓走了。二师兄，师傅被抓走了。大师兄，二师兄被抓走了。大师兄，师父和二师兄都被抓走了。,250,,,100037,,1,,1,18000040.png,降魔月牙铲,铲子,,2,3,2,0,4,1,29,6,,
18000041,至尊宝,曾经有一份真挚的爱情摆在我的面前……,1,72,18000041,2,28,4,7,1,204,1.3,310012,1,1,从前现在过去了再不来，红红落叶长埋尘土内，开始终结总是没变改，天边的你飘泊白云外……,250,,,100039,,1,,1,18000041.png,月光宝盒,盒子,3,,3,1,0,4,1,29,6,,
18000042,吊车尾少年,我是要成为村长的人！,1,71,18000042,2,28,4,7,1,37,1.29,1900015,2,1,原本是个吊车尾，经过不懈努力，终于成功成为了第六任村长，他的故事告诉人们，梦想是可以被实现的！,250,,,100040,,1,,1,18000042.png,勾玉,,,5,,2,2,4,1,19,6,,
18000043,宁宁,在夫君返回之前，城池就交给我吧。,1,93,18000043,3,28,4,7,1,250,1.27,1900018,2,1,丰臣秀吉之妻。,250,,,100043,,1,,1,18000043.png,豊玉翔小太刀,,,3,4,,5,4,1,17,6,,
18000044,竹中半兵卫,不管多么牢固，天下也没有攻不下的城池。,1,30,18000044,2,28,4,7,1,397,1.25,2200028,3,1,以寡兵夺取稻叶山城，后成秀吉心腹，足智多谋。,250,,,100042,,1,,1,18000044.png,神针沙竭罗,罗盘,2,4,,1,0,4,1,18,6,,
18000045,黑田官兵卫,援军一定会来…我只需等待便好。,1,30,18000045,2,28,4,7,1,203,1.3,2100007,2,1,与作为秀吉的参谋共同参与指挥的竹中半兵卫并称为两兵卫，珠联璧合。,250,,,100042,,1,,1,18000045.png,鬼哭泉门塞,球,4,2,,1,0,4,1,18,6,,
18000046,雷震子,风雷两翅开先辈，变化千端起后昆。,,115,18000046,2,2,4,7,1,243,1.3,2000007,2,1,身躯长有二丈，使用一条黄金棍，是文王姬昌第一百子（真能生！）,250,,,,,1,,1,18000046.png,黄金雷锤,,3,,2,2,10,4,1,19,6,,
18000047,挖掘鸡,挖掘技术哪家强？,,115,18000047,2,14,4,7,1,277,1.26,1200070,4,1,这是一只行事低调的鸡。每当有鸡星人问：挖掘技术哪家强？它总是笑而不语……,250,,,,,1,,1,18000047.png,蓝之操纵杆,游戏摇杆形状的东西,3,,3,1,8,4,1,18,6,,
18000048,焦作仁,哼哼哼，我就是传说中的人物。,,17,18000048,2,28,4,7,1,187,1.29,1200071,4,1,传说中那位受到可怕诅咒的男人。人生的历程就是要么焦作仁，要么被焦作仁！,250,1200072,,,,1,,1,18000048.png,山寨皮带,,,2,2,2,8,4,1,18,6,,
18000049,斯巴达战士,平时多流汗，战时少流血。,,129,18000049,2,28,4,7,1,201,1.29,1200076,4,1,MISS的话，整个人就斯巴达了！,250,1200077,,,,1,,1,18000049.png,角斗之盔,,2,2,2,1,6,4,1,18,6,,
18000050,斯巴达战士,平时多流汗，战时少流血。,,129,18000050,2,28,4,7,1,201,1.29,1200076,4,1,MISS的话，整个人就斯巴达了！,250,1200077,,,,1,,1,18000050.png,角斗之盾,,2,2,2,1,6,4,1,18,6,,
18000051,斯巴达战士,平时多流汗，战时少流血。,,129,18000051,2,28,4,7,1,201,1.29,1200076,4,1,MISS的话，整个人就斯巴达了！,250,1200077,,,,1,,1,18000051.png,角斗之矛,,2,2,2,1,6,4,1,18,6,,
18000052,斯巴达战士,平时多流汗，战时少流血。,,129,18000052,2,28,4,7,1,201,1.29,1200076,4,1,MISS的话，整个人就斯巴达了！,250,1200077,,,,1,,1,18000052.png,角斗披风,,2,2,2,1,6,4,1,18,6,,
18000053,快乐的羔羊,咩…………,,115,18000053,2,42,4,7,1,111,1.31,1200079,4,1,已经处于失控边缘的羊星人……,250,320015,,100060,,1,,1,18000053.png,吉祥羊毛,,3,2,1,1,6,4,1,20,6,,
18000054,八神,很快……就会解脱了！,,126,18000054,2,28,4,7,1,224,1.33,1100050,1,1,八神家族后裔，白羊座O型血，讨厌暴力，喜爱音乐和猫。,250,1100051,,,,1,,1,18000054.png,八尺琼勾玉,勾玉,2,1,3,1,0,4,1,18,6,,
18000055,草薙,呼~你可不会玩火呢…  ,,126,18000055,2,28,4,7,1,219,1.31,1200081,4,1,草薙家族后裔，拥有极高的格斗武艺天赋，使用操纵红色火焰的的格斗术。,250,,,,,1,,1,18000055.png,草薙之剑,,3,1,2,1,9,4,1,18,6,,
18000056,库拉,PUSSY CAT (^ ^),,126,18000056,3,28,4,7,1,208,1.3,1200084,4,1,外表虽然给人冷傲的感觉，但事实上，她和普通的十四岁女孩根本没有分别。,250,,,,,1,,1,18000056.png,极寒冰鞋,,2,,4,1,10,4,1,18,6,,
18000057,扑姬,其实我很苗条，我这形象是虚胖！,,131,18000057,3,16,4,7,1,192,1.26,310016,1,1,每天呆在右下角，据说点击10000次衣服会变透明。,250,,,,,1,,1,18000057.png,翠绿竹,,1,2,3,1,0,4,1,29,6,,
18000058,黄色顽石,咯……咯……咯……,,115,18000058,7,46,4,7,1,202,1.34,300027,2,1,一些奇怪的元素生物，主要生活在定期副本的入口附近。单只非常弱小，但一旦聚合起来则会变得非常难以对付。,250,,,100062,100064,1,,1,18000058.png,黄水晶内核,,3,3,,1,0,4,1,15,6,,
18000059,喜鹊,喜事到，喜事到……,1,15,18000059,4,50,4,7,1,277,1.3,1700020,4,1,这喜鹊还会搭桥，卧槽，说好的建国之后不许成精呢，咦，它好像是在建国前成精的。,250,,,,,1,,1,18000059.png,羽毛,,2,2,2,1,0,4,1,18,6,,
18000060,金金,想要亩产一千八，快快使用金坷垃。,1,111,18000060,4,37,4,7,1,233,1.33,310019,1,1,来自农业发达星球“金坷垃”星的使者之一，可与别的金坷垃使者合体，合体时台词是“我来组成四肢”。,250,300005,320025,100067,,1,,1,18000060.png,暗金星,,3,2,,2,0,4,1,27,6,,
18000061,升天的扫地僧,我已经死了。阿哒—阿哒哒哒哒哒——,1,126,18000061,2,28,4,7,1,444,1.29,1400021,4,1,贱刺郎的口头禅，是从门派祖师代代相传下来的，也就是从天朝流传下来的暗杀拳法的创始人。(鸣谢:稳重的瘦子，小霸王丶伯符，永吉家的木鱼君，再见蓝胖子，闪光，叶子制作提供.),250,,,100070,,1,,1,18000061.png,北斗十方斩,,,3,3,1,0,4,1,18,6,,
18000062,找制杖的少女,你制杖吗？,1,102,18000062,3,28,4,7,1,222,1.33,310021,1,1,"一个想买杖的少女，因为她有一颗法师的心，无奈遇到的都是贩剑的。(鸣谢:兰陵狂飘,被坑了制作提供)",250,330022,,100070,,1,,1,18000062.png,神奇的法杖,,5,,,2,0,4,1,27,6,,
18000063,迪西,你也想要变成绿色的么，特别是脑袋。,1,70,18000063,5,28,4,7,1,365,1.3,1700021,4,1,"这是一个来自遥远神秘的非洲南部古王国的小绿 他胸口的雪花小电视会吸走一切不纯洁的黑暗元气。(鸣谢:圣光救赎,酱油兔纸,yuna003,淦林娘,赤色彗星制作提供)",250,,,,,1,,1,18000063.png,电视机,,,,6,1,0,4,1,18,6,,
18000064,鹦鹉,那边的小子，快点去打扫。,,135,18000064,4,49,4,7,1,256,1.27,2300004,4,1,有逼格的海盗船长身边的boss级鹦鹉，是鹦鹉中的战斗机。,250,,,,,1,,1,18000064.png,鹦鹉毛,,,5,,2,0,4,1,19,6,,
18000065,海贼猎人,我有个野心，就是要成为世界第一的剑士！,,135,18000065,2,28,4,7,1,333,1.33,1100062,1,1,爱睡觉的路痴剑客，但是却意外的令人震撼，比如用自己的运气去和刀的诅咒比较的时候……,250,310020,,100074,,1,,1,18000065.png,和道一文字,,5,,,2,3,4,1,22,6,,
18000066,罗当家,不要命令我！ ,,135,18000066,2,28,4,7,1,548,1.28,1400022,4,1,喜欢把别的海贼船长称呼为当家的奇怪海贼，有着出乎意料的责任心。,250,,,100074,,1,,1,18000066.png,鬼哭,,,2,3,2,10,4,1,19,6,,
18000067,邦邦,哎呦，这游戏不错哦,,70,18000067,2,28,4,7,1,300,1.3,2200051,3,1,介绍：来自美特斯邦威的少年，喜欢不走寻常路。,250,,,,,1,,1,18000067.png,休闲服,,,4,1,2,25,4,1,19,6,,
18000068,黑足,能原谅女人说谎的才是男人。,,135,18000068,2,28,4,7,1,333,1.33,310023,1,1,花痴厨师，对女性非常的包容，很有骑士精神。,250,,,100074,,1,,1,18000068.png,香烟,,3,2,,2,0,4,1,20,6,,
18000069,鱼人骑,看我亡者归来！,,68,18000069,2,51,4,7,1,219,1.32,1900037,2,1,以快攻为信念的奇怪骑士，即使死亡也无法阻止他。,250,,,,,1,,1,18000069.png,大宝剑,,,3,3,1,5,4,1,18,6,,
18000070,土匪,没有什么是一包C4解决不了的，什么，你说有，看着这个在倒计时的C4，同志，现在你还觉得是有的嘛……,,115,18000070,2,51,4,7,1,222,1.3,1200102,4,1,立志于埋C4的土匪，C4大法好！！！,250,,,,,1,,1,18000070.png,C4,,,,6,1,0,4,1,18,6,,
18000071,警察,前面的土匪，给我站住，变成我的金钱吧~我可是要买狙的男人。,,115,18000071,2,51,4,7,1,222,1.3,1200101,4,1,长期与土匪在沙漠中对战的警察，惯用武器是M4A1，啥，你说为什么不是狙击枪，你知道狙击枪要多少钱嘛……,250,,,,,1,,1,18000071.png,M4A1,,,6,,1,0,4,1,18,6,,
18000072,虫狗,呼……呼……呼,1,115,10000008,5,51,4,7,1,600,1.25,1300021,4,1,这小小家伙完美的诠释了什么叫暴兵。,250,,,,,1,,1,10000008.png,变异之血,,2,2,2,1,0,4,1,18,6,,
19000001,亚瑟,虚有其表的女人，就像金环戴在猪鼻上，哎~可怜!,1,10,19000001,2,28,5,7,1,265,1.32,300009,2,1,圆桌骑士团的首领，据说他持有一把圣剑，能够驱逐以太潮汐带来的影响。,3000,,,100011,100023,1,,1,19000001.png,石中剑,剑,,7,,2,0,5,1,57,4,,
19000002,吉尔加美蛇,杂种！跪下！,1,105,19000002,2,4,5,7,1,350,1.5,2200006,3,1,传说中最伟大的王者，从冥界获得了不老不死之药，但是只是为了收藏。,3000,,,,,1,,1,19000002.png,英雄王之剑,剑,,7,,2,10,5,1,41,4,,
19000003,尼基塔米亚,一切万物都在元素的掌控之下……,1,112,19000003,7,46,5,7,1,400,1.47,1600004,4,1,已经统领了元素诸国大约30个世纪，而且似乎并没有什么衰败的迹象。,3000,,,100014,,1,,1,19000003.png,元素核,无出处,,9,,,0,5,1,39,4,,
19000004,阿鲁克迪斯,拥有永恒之后，接来下该追求什么呢？,1,79,19000004,1,4,5,7,1,300,1.51,1900004,2,1,阿鲁克迪斯，传说中月神遗物的守护者。精灵的最高统领，拥有不灭之体，和永恒之灵。,3000,,,,,1,,1,19000004.png,精灵之心,无出处,,4,5,,5,6,1,39,4,,
19000005,觉醒的薰,我喜欢的是巨乳！,1,66,19000005,3,6,5,7,1,350,1.5,1800005,2,1,领导超能力者反叛的女性领袖，被其他能力者称为女王。,3000,,,,,1,,1,19000005.png,蕾雅石结晶,制作限制器的材料,,7,,2,25,5,1,41,4,,
19000006,魔化西德列,能统治世界的只有暴力。,1,122,19000006,2,2,5,7,1,330,1.47,1200030,4,1,由于以太潮汐的影响而逃脱的暴力罪犯，危险度300%。,3000,,,,,1,,1,19000006.png,魔之右眼,无出处,,,7,2,5,5,1,41,4,,
19000007,坂田金时,给我一盒草莓牛奶和最新的少年JUMP，我会考虑接下你的委托！,1,18,19000007,2,28,5,7,1,350,1.5,1300006,4,1,喜爱摄取糖分的抠脚大汉，有着腹黑阴险的一面，同时也是个坚守自己武士道的男子汉。,3000,,,100006,100007,1,,1,19000007.png,洞爷湖,木刀,3,3,3,,0,5,1,39,4,,
19000008,真·亚瑟,所罗门王说：虚空的虚空，凡事都是虚空。,1,10,19000008,2,28,5,7,1,290,1.52,2100010,2,1,圆桌骑士团的首领，据说他持有一把圣剑，能够驱逐以太潮汐带来的影响。,3000,320008,,100022,,1,,1,19000008.png,誓约胜利,剑,4,,3,2,5,5,1,47,4,,
19000009,织田信长,人间五十年，与天地长久相较，如梦又似幻；一度得生者，岂有不灭者乎？,1,10,19000009,2,28,5,7,1,420,1.4,330026,3,1,自称第六天魔王，崇尚武家政权。心在天下。,3000,300019,,100041,,1,,1,19000009.png,鬼丸,日本刀,5,4,,,0,5,1,40,4,,
19000010,圣女贞德,所有的战役，胜负都在于一心。,1,10,19000010,3,28,5,7,1,400,1.47,1900024,2,1,有着强烈神感的少女。手持虹之宝剑，为了自由而战。,3000,300001,,,,1,,1,19000010.png,骑兵剑,得到了神的启示,,5,4,,8,15,1,44,4,,
19000011,众神之王宙斯,这只是凡人的无聊游戏！等等……什么？我也是其中一员？,1,10,19000011,2,29,5,7,1,280,1.52,1500007,4,1,传说中的众神之王，拥有掌控雷电与风暴的能力。,3000,,,,,1,,1,19000011.png,雷霆,投枪,,2,5,2,8,5,1,41,4,,
19000012,盖亚,服从我！,1,13,19000012,3,29,5,7,1,260,1.51,2100004,2,1,盖亚是大地之母，从伟大的虚无混沌之中诞生。不需要男性的介入，她生下了奥雷诺斯 (天空) 与蓬托斯 (海洋),3000,,,,,1,,1,19000012.png,大地之种,无出处,9,,,,30,5,1,39,4,,
19000013,奎托斯,我！永不……服从！,1,115,19000013,2,4,5,7,1,222,1.53,1100015,1,1,手持利刃破灭众神，奥林匹斯统治的毁灭者。,3000,,,,,1,,1,19000013.png,混沌之刃,带链条的双刀,,12,,,0,5,1,42,4,,
19000014,大刑天,我的宿命只有杀戮。,1,115,19000014,5,26,5,7,1,300,1.5,1200049,4,1,被誉为上古十大魔神，干戚之舞，猛志常在。,3000,,,,,1,,1,19000014.png,干戚,盾和斧,,5,2,2,7,5,1,41,4,,
19000015,奥丁,谁也无法逃脱我的铁剑。,1,10,19000015,2,29,5,7,1,400,1.43,2200011,3,1,传说中的至高神，被视作诸神之王，也是死者之王。,3000,,,,,1,,1,19000015.png,昆古尼尔枪,长枪,,,9,,0,5,1,39,4,,
19000016,魔神撒旦,吃下它吧，吃下它。,1,61,19000016,2,26,5,7,1,321,1.45,1400008,4,1,大名鼎鼎的反派角色。诱惑人类吃下了禁果。,3000,,,100018,,1,,1,19000016.png,邪灵神灭录,无出处,,,9,,30,5,1,39,4,,
19000017,金龙阿雷撒,你的领域，由我守护。,1,75,19000017,5,20,5,7,1,270,1.51,300014,2,1,冰封怒龙的统领者，全身被金色的鳞片覆盖是极为罕见的龙类。只有真正的王者才能驾驭。,3000,,,100005,,1,,1,19000017.png,金龙鳞,龙鳞,,9,,,0,5,1,50,4,,
19000018,圣龙纳多,努力战斗吧。我会治疗你的。,1,75,19000018,5,20,5,7,1,395,1.5,1900006,2,1,疾风怒龙的统领者，在所有龙类中拥有最至高无上的地位。能够使用极为强大的治疗法术。,3000,,,100005,,1,,1,19000018.png,圣龙血,龙血,8,,,1,10,5,1,40,4,,
19000019,魔化吕布s,,,42,19000019,2,28,5,7,1,1357,1.39,1100045,1,1,因为狂怒而失去了理性，堕落为真正的狂战士。同时也拥有了无人可档的力量。,3000,,,,,1,,1,,,,,,,,17,,1,30,4,,
19000020,高杉晋作,这个腐朽的世界，由我来摧毁！,1,41,19000020,2,28,5,7,1,330,1.5,2200012,3,1,攘夷志士中的武斗派，成立奇兵队，左眼失明。经常煽动、策划和制造动乱。,3000,,,100006,,1,,1,19000020.png,动乱三味线,乐器，三根铉的,,2,5,2,10,5,1,41,4,,
19000021,伊斯力,如果你想跳舞的话……,1,10,19000021,2,28,5,7,1,370,1.43,1600005,4,1,聪明厉害的男性NO.1。性格温和，头脑聪慧，剑术卓越。,3000,,,,,1,,1,19000021.png,深渊幻化之手,会变换成各种武器的手,,4,4,1,0,5,1,40,4,,
19000022,神关羽,吾乃解良一武夫，蒙吾主以手足相待，安肯背义投敌国乎？城若破，有死而已。,1,78,19000022,2,28,6,7,1,560,1.62,1100067,1,1,关云长在身经百战以后得到了升华，战力方面大大提升。拥有能够与众神一战的力量。,6000,,,100003,100028,1,,1,19000022.png,真青龙偃月刀,大刀,,7,,2,15,8,1,61,2,,
19000023,魔化信长,大地上的一切都是我的。,1,10,19000023,2,2,6,7,1,632,1.6,1500008,4,1,第六天魔王的完全体，拥有可以吞没世界的火炎之力。,6000,,,,,1,,1,19000023.png,菊一文字,日本刀,3,,4,2,15,7,1,61,2,,
19000024,星美451,我绝不会向暴力犯罪屈服！,1,22,19000024,3,17,5,7,1,277,1.48,320013,2,1,克隆人，用一次演讲使世界发生了惊天的变化。,3000,,,,,1,,1,19000024.png,星之记,星美口述的记录,,,9,,0,5,1,49,4,,
19000025,武田信玄,其疾如风，其徐如林，侵掠如火，不动如山。,1,38,19000025,2,28,5,7,1,311,1.49,1700010,4,1,武田信玄信奉孙子兵法所倡导的“其疾如风，其徐如林，侵略如火，不动如山。”在作战方面异常强悍，令敌人闻风丧胆。,3000,,,,,1,,1,19000025.png,风林火山配,葫芦扇,,4,4,1,10,5,1,40,4,,
19000026,神张飞,我乃燕人张翼德，谁来一战？,1,42,19000026,2,28,6,7,1,700,1.56,1100068,1,1,进入真正的狂战士状态。著名的军事家，书法家。在战斗方面能够胜过他的只有5人……,6000,,,100003,100027,1,,1,19000026.png,真翼蛇,蛇矛,7,,,2,6,8,1,61,2,,
19000027,亚瑟·戴恩,沉默是金……,1,109,19000027,2,28,6,7,1,440,1.63,1100054,1,1,传说中的剑圣，可以一边用右手尿尿，一边用左手干掉5个敌人。,6000,310001,,,,1,,1,19000027.png,黎明,剑,3,2,2,2,5,8,1,67,2,,
19000028,卓戈卡奥,想要金皇冠吗？（冷笑）,1,10,19000028,2,28,5,7,1,333,1.47,330008,3,1,东方大陆多斯拉克人的部落首领，在所有的战斗中从未失败，统领极具战斗力的军队。,3000,,,100020,,1,,1,19000028.png,卡奥双刀,双刀,,4,5,,0,5,1,49,4,,
19000029,魔山格雷果,敌人在哪里？我要将他劈成两半！,1,42,19000029,2,28,5,7,1,250,1.5,2200040,3,1,身形无比巨大，以一把巨大的双手剑作为武器。魔山的可怕之处在于与他为敌的人通常都会被劈成两半。,3000,330013,,,,1,,1,19000029.png,平顶巨盔,头盔,,9,,,2,5,1,45,4,,
19000030,纳兹古,你的恐惧就是我的力量。,1,50,19000030,7,15,5,7,1,327,1.5,2200044,3,1,他们曾是大陆上最伟大和强壮的人类，但由于最终堕落为虚无灵魂，是介于生死之间的可怕生物。,3000,,,100026,,1,,1,19000030.png,堕落九戒,戒指,,7,,2,8,5,1,41,4,,
19000031,纳兹古王,No man can kill me!,1,10,19000031,7,15,6,7,1,600,1.58,2200017,3,1,既然是王当然是首领人物了，他拥有无法被MAN杀死的特殊能力……只可惜最终还是死于女人之手。,6000,,,100026,,1,,1,19000031.png,魔古尔剑,,4,,3,2,6,7,1,61,2,,
19000032,蜀王刘备,吾乃中山靖王之后，复兴汉室是我的目标！,1,10,19000032,2,28,6,7,1,333,1.57,,1,1,自身能力平平却拥有强大的人格魅力，年轻时颠沛流离但最终也成就了一方霸业。,6000,,,100027,100028,1,,1,19000032.png,雌雄双股剑,,,,7,2,0,7,1,61,2,,
19000033,披萨魔女,快去给我买披萨。,1,60,19000033,3,28,5,7,1,220,1.44,1900011,2,1,拥有不死神力的魔女。,3000,,,100032,100033,1,,1,19000033.png,魔之契约,,,5,2,2,3,6,1,41,4,,
19000034,普京,没有实力的愤怒毫无意义。,1,40,19000034,2,28,6,7,1,653,1.5,330012,3,1,战斗民族的领袖，全能大帝。,6000,,,100031,,1,,1,19000034.png,沙俄版图,地图,3,,4,2,0,7,1,73,2,,
19000035,扫地僧,阿弥陀佛。,1,1,19000035,2,28,3,7,1,688,1.56,2200019,3,1,真正笑看武林的高人，没有人知道他的真面目，传说中他使用的是逍遥派的武功。,6000,300006,,,,1,,1,19000035.png,无极扫帚,扫帚,,6,,3,12,3,1,67,8,,
19000036,亚丝娜,让你们知道副团长的实力。,1,19,19000036,3,28,5,7,1,299,1.49,1100032,1,1,名为亚丝娜的萌少女，无比强大的泡菜玩家！,3000,,,100032,,1,,1,19000036.png,闪烁之光,剑,3,3,3,,5,6,1,39,4,,
19000037,zero,条件相同的情况下，绝对不会输。,1,28,19000037,2,28,5,7,1,321,1.49,300028,2,1,既是皇子又是某反叛骑士团CEO，反叛势力的领袖。,3000,320010,,100033,,1,,1,19000037.png,契约双眼,眼镜,,7,,2,0,6,1,57,4,,
19000038,梦魇狂三,那我就如你所愿，文雅地取你性命吧。,1,6,19000038,3,16,6,7,1,700,1.59,2100006,2,1,异瞳、黑丝、双马尾、哥特蕾丝，这一定是病娇萌！,6000,320016,,100032,,1,,1,19000038.png,神威灵装,连衣裙,,9,,,8,8,1,68,2,,
19000039,甩葱少女,我的技能是甩葱！,1,58,19000039,7,41,5,7,1,266,1.52,2200021,3,1,科学家所设计的虚拟人现实化引擎，这是地球人第一次和除了人类以外的“物种”进行交流。触动人心的声音。,3000,300017,,100032,,1,,1,19000039.png,迷之音乐库,,3,4,,2,5,6,1,45,4,,
19000040,草泥马,MO~MO~MO~~等等……草泥马真的是这样叫的么？,1,123,19000040,2,11,6,7,1,666,1.57,310011,1,1,（· ? ·）一种在上古时代就存在的低调生物，却在《纽约时报》报道后，被迫登上了神坛。成为了世界著名的神兽。,6000,,,,,1,,1,19000040.png,欢乐奔腾心,心,,,5,3,0,8,1,74,2,,
19000041,曹操,宁叫我负天下人，莫叫天下人负我。,1,95,19000041,2,28,6,7,1,652,1.55,1600007,4,1,中国历史上第一个敢在名字里带脏字的名人。,6000,320010,,100072,,1,,1,19000041.png,倚天剑,剑,5,2,,2,0,7,1,69,2,,
19000042,SaberLily,在我作为女人之前，首先是一个王。,1,10,19000042,3,44,5,7,1,320,1.45,1100039,1,1,本是一名普通少女，拔出石中剑的一刻便背负了王的责任，从此她成为骑士之王。,3000,,,100034,,1,,1,19000042.png,石中剑,剑,3,2,2,2,5,6,1,41,4,,
19000043,骑士王,军粮不足是行军大忌！,1,10,19000043,3,44,6,7,1,700,1.58,2200024,3,1,孤独的骑士王，结束战斗后如愿地回到了原来的时空，独自面对王者的宿命。,6000,330004,,100035,,1,,1,19000043.png,石中剑,剑鞘,,6,1,2,10,9,1,71,2,,
19000044,两仪shiki,管你是什么东西，就算是神也照杀不误！,1,60,19000044,3,28,6,7,1,385,1.62,1600009,4,1,四大退魔家族之一两仪家的继承人，有着多重的人格。,6000,330013,,100034,,1,,1,19000044.png,直死之魔眼,眼,3,,4,2,0,7,1,67,2,,
19000045,三爷,只要有你，我就无所不能！,1,115,19000045,3,28,5,7,1,377,1.48,300031,2,1,流着东洋人血统，是个沉默寡言、表情稀少的少女，有以一敌百的战斗力。,3000,320003,,100036,,1,,1,19000045.png,双刀,围巾,4,3,,2,0,6,1,57,4,,
19000046,死鱼眼兵长,最有效的管教就是疼痛。,1,115,19000046,2,28,6,7,1,673,1.57,320017,2,1,原是地下街的一个混混，身高一米六，却拥有“人类最强的士兵”之称号。,6000,,,,,1,,1,19000046.png,讨伐之剑,斗篷,3,,4,2,0,8,1,74,2,,
19000047,唐三,悟空，救我！,1,26,19000047,2,28,5,7,1,222,1.31,1100041,3,1,我只想安静地做一个美男子。,3000,,,100037,,1,,1,19000047.png,九环锡杖,袈裟,3,4,,2,0,5,1,41,4,,
19000048,猴子,呔，吃俺老孙一棒！,1,99,19000048,2,10,6,7,1,607,1.61,2200025,3,1,一人之下，万妖之上，称号斗战胜佛的不败存在！,6000,300002,,100037,100038,1,,1,19000048.png,定海神针,棍子,,4,3,2,10,7,1,67,2,,
19000049,逗13,猴子什么的，最讨厌了！,1,115,19000049,5,8,5,7,1,270,1.3,1200065,4,1,我是猴子派来的……,3000,,,100038,,1,,1,19000049.png,玲珑宝塔,宝塔,,9,,,8,5,1,39,4,,
19000050,黑哨,嘘……嘘……嘘……,1,2,19000050,2,28,5,7,1,288,1.29,1600010,4,1,无论怎么吹，总有人说我黑。,3000,,,,,1,,1,19000050.png,终结之红牌,红牌,,,9,,0,5,1,39,4,,
19000051,紫霞仙子,我猜中了开头，可我猜不着这结局。,1,77,19000051,3,39,5,7,1,210,1.4,1100042,1,1,原是如来佛祖的灯芯，为了寻找自己的爱情不顾一切私下凡间。当紫青宝剑被拔出鞘的那刻起就注定了她悲剧的一生！,3000,,,100039,,1,,1,19000051.png,紫青宝剑,剑,2,3,2,2,3,6,1,41,4,,
19000052,夫子,士不可以不弘毅 任重而道远。,1,81,19000052,2,28,6,7,1,588,1.61,2200026,3,1,人分五仪，有庸人，有士人，有君子，有圣，有贤——昊天之下，夫子最大。,6000,330013,,100076,,1,,1,19000052.png,春秋,书,2,5,,2,7,7,1,67,2,,
19000053,老子,道常无为而无不为。,1,81,19000053,2,28,6,7,1,598,1.6,2200041,3,1,也许是人类历史上第一个思考过量子物理学的人，“无名天地之始；有名万物之母”。,6000,330013,,100076,,1,,1,19000053.png,道德经,书,,2,5,2,1,7,1,67,2,,
19000054,二助子,我是要成为村长男人的人！,1,71,19000054,2,28,5,7,1,311,1.41,2300001,4,1,很早就逃离了村子，但是在发小成为村长之后，再次回到了自己的故乡。果然发小才是真爱……,3000,,,100040,,1,,1,19000054.png,写轮眼,眼,,,7,2,0,5,1,41,4,,
19000055,德川家康,时机…尚未成熟…,1,10,19000055,2,28,5,7,1,300,1.49,2200027,3,1,在关原之战取得胜利后，称霸天下。,3000,,,100041,,1,,1,19000055.png,东照葵火祭,火枪,4,3,,2,6,5,1,41,4,,
19000056,丰臣秀吉,我的发迹之路，无可限量！,1,10,19000056,2,28,6,7,1,777,1.62,2200043,3,1,本能寺之变后讨伐明智光秀，成为信长继承人，完成了统一天下的大业。,6000,,,100041,100043,1,,1,19000056.png,三界金猿文殊,三节棍,3,5,,2,0,8,1,62,2,,
19000057,黑衣少女,痛苦不过短短一瞬。,1,97,19000057,3,41,5,7,1,377,1.48,2200029,3,1,手上装备大炮的黑发少女，并有着左右长度不同的双马尾。情绪波动时左眼中会冒出蓝色火焰斗气，能力值会上升。,3000,,,100045,,1,,1,19000057.png,黑色刀锋,黑色大剑,7,,,2,5,6,1,41,4,,
19000058,末日主宰,我带来死亡。,1,98,19000058,3,41,5,7,1,291,1.51,1200067,4,1,黑发少女的死敌，末日世界的主宰。以一柄漆黑死神镰刀以及黑色锁链作为武器，偶尔会露出微笑，妩媚动人，却又带杀意。,3000,,,100045,,1,,1,19000058.png,漆黑死神镰刀,黑色死神镰刀,5,,2,2,6,6,1,41,4,,
19000059,电磁炮少女,接下来就是我个人打架时间了，抱歉，我要出手了。,1,101,19000059,3,6,6,7,1,600,1.6,1100044,1,1,穿着安全裤的大小姐，好胜、正义感强，有着男孩子般的爽朗性格，但是却没有耐心，非常不坦率。,6000,310007,,,,1,,1,19000059.png,铁砂之剑,长刀,,4,3,2,2,9,1,73,2,,
19000060,朱雀,优秀也是有烦恼的。,1,71,19000060,2,28,6,7,1,700,1.59,2300002,4,1,村里的天才忍者，实力高超，擅长幻术，在某组织执行卧底任务。,6000,310007,,,,1,,1,19000060.png,八尺镜,镜,4,,1,3,0,7,1,73,2,,
19000061,红茶学姐,我们彼此都不想惹上不必要的麻烦吧。,,101,19000061,3,28,5,7,1,320,1.46,2200031,3,1,人热心、性格温柔、举止优雅…这都不是重点，重点是她是一位能在寂寞与危险中独自从容应对一切的学姐。,3000,,,100047,,1,,1,19000061.png,线膛燧发枪,射击的枪,5,2,,2,0,5,1,41,4,,
19000062,圆神,"如果有人说,不该心怀希望,那么我一定会出言反驳,无论多少次都会这样反驳。",,101,19000062,3,28,6,7,1,378,1.59,1200068,4,1,非常普通的少女，有点自卑，有时候优柔寡断，梦想是能够帮助别人。,6000,,,100047,,1,,1,19000062.png,日式长弓,,,5,2,2,6,7,1,61,2,,
19000063,晓美吼姆拉,我的战场不在这里。,,101,19000063,3,28,5,7,1,400,1.48,1700017,4,1,成绩出众、运动万能的神秘转学生，但是神情似乎有些冷淡。,3000,,,100047,,1,,1,19000063.png,轮回盾牌,,2,,5,2,0,5,1,41,4,,
19000064,怒首领鸡,选用优质鸡种，可能是个不错的食材呢！,,126,19000064,2,14,6,7,1,753,1.54,300023,2,1,鸡星球最强的格斗家，能够为它的鸡队友提供强大的保护。,6000,,,,,1,,1,19000064.png,怒之羽冠,羽毛,1,1,1,3,0,7,1,61,2,,
19000065,盗贼克星,比黄昏还要昏暗的东西，比血液还要鲜红的东西，在时间之流中出现吧……,,17,19000065,3,28,6,7,1,900,1.59,1100046,1,1,想看看外面的世界而到处旅行的美少女。擅长使用黑魔法。,6000,340001,,100059,,1,,1,19000065.png,黑魔法耳环,,5,2,,2,0,7,1,61,2,,
19000066,炎发的讨伐者,爱是最强的自在法。,,115,19000066,3,28,5,7,1,435,1.46,1300015,4,1,自小就为成为完美的战士而努力锻炼，文武双全的杀手。最爱吃的食物是蜜瓜包。,3000,,,,,1,,1,19000066.png,贽殿遮那,太刀,,3,4,2,0,5,1,41,4,,
19000067,光滑的弟,………………只是路过。,1,127,19000067,2,28,5,7,1,200,1.51,1100047,1,1,不具名的演员不管有没有观众！谢谢侬！！,3000,,,100048,,1,,1,19000067.png,光滑的墨镜,,3,2,2,2,4,5,1,41,4,,
19000068,庞麦郎,有些事我都已忘记，但我现在还记得……,1,20,19000068,2,28,6,7,1,622,1.57,330016,1,1,知名舞者，歌手。他的曲子十分具有魔性，脍炙人口。,6000,310001,,100048,,1,,1,19000068.png,时尚的滑板鞋,,7,,,2,0,8,1,73,2,,
19000069,斯巴达守卫者,平时多流汗，战时少流血。,,129,19000069,2,28,5,7,1,320,1.48,1200078,4,1,MISS的话，整个人就斯巴达了！！,3000,,,,,1,,1,19000069.png,斯巴达之盔,,2,3,2,2,0,5,1,41,4,,
19000070,斯巴达守卫者,平时多流汗，战时少流血。,,129,19000070,2,28,5,7,1,320,1.48,1200078,4,1,MISS的话，整个人就斯巴达了！！,3000,,,,,1,,1,19000070.png,斯巴达之盾,,2,3,2,2,0,5,1,41,4,,
19000071,斯巴达守卫者,平时多流汗，战时少流血。,,129,19000071,2,28,5,7,1,320,1.48,1200078,4,1,MISS的话，整个人就斯巴达了！！,3000,,,,,1,,1,19000071.png,斯巴达之矛,,2,3,2,2,0,5,1,41,4,,
19000072,斯巴达精英,斯巴达人从不问敌人有多少，只问敌人在哪里…,,129,19000072,2,28,6,7,1,488,1.54,300025,2,1,MISS的话，整个人就斯巴达了！！！！,6000,,,100058,,1,,1,19000072.png,斯巴达披风,,,7,,2,0,7,1,64,2,,
19000073,列奥尼达,斯巴达人从不问敌人有多少，只问敌人在哪里…,,10,19000073,2,28,6,7,1,688,1.58,1500010,4,1,MISS的话，整个人就斯巴达了！！！！！！！,6000,330013,,100050,100058,1,,1,19000073.png,战神长矛,,,7,,2,3,7,1,67,2,,
19000074,哥特萝莉,世界的谜，就是混沌的碎片。,,133,19000074,3,28,6,7,1,433,1.57,340003,4,1,“灰狼”的后裔，喜欢阅读大量的书籍，是一位非常有智慧的少女。哦，还有，她喜欢甜食。,6000,,,,,1,,1,19000074.png,青花陶瓷烟斗,,3,,3,3,0,7,1,62,2,,
19000075,水母脑袋,水母脑袋的男人说的就是我嘛……,,115,19000075,2,28,5,7,1,223,1.52,2200032,3,1,原本是一名流浪佣兵，剑术高超，但智商和剑术成反比。外号是“水母脑袋的男人”。,3000,,,100059,,1,,1,19000075.png,斩妖剑,,,5,2,2,8,5,1,41,4,,
19000076,船首图腾,保佑大家出海平安~~,1,135,19000076,3,42,6,7,1,542,1.6,320020,2,1,是人们固定在船首的图腾和神祇雕像~,6000,340004,,,,1,,1,19000076.png,黄金羊角,,,2,5,2,0,7,1,75,2,,
19000077,暴走音乐家,这就是死亡摇滚！,1,126,19000077,2,51,6,7,1,580,1.55,1100073,1,1,失去理智的红发音乐家……,6000,1100074,,,,1,,1,19000077.png,血之契约,,5,,2,2,2,7,1,67,2,,
19000078,暴走莉安娜,任务，执行！,,125,19000078,3,28,6,7,1,416,1.58,1200080,4,1,由于失去控制而暴走，在无意识状态下杀死自己的父母的危险女性。,6000,330020,330021,,,1,,1,19000078.png,暗杀队披风,,3,,4,2,0,7,1,61,2,,
19000079,热斗草薙,我可不是因你而生存的啊。,,126,19000079,2,28,6,7,1,503,1.57,1200082,4,1,战斗天赋全开，燃烧起来吧！,6000,1200083,300002,,,1,,1,19000079.png,烈阳夹克,,3,1,3,2,6,7,1,67,2,,
19000080,漂浮者,一切都回到无吧！,1,126,19000080,2,51,6,7,1,612,1.64,1100075,1,1,不用脚走路，一直漂浮着的非人类。,6000,1100076,310019,,,1,,1,19000080.png,地球之灵,,6,1,,2,3,9,1,69,2,,
19000081,伊斯坎达尔,“无垠之海”便是男人的梦想。,,10,19000081,2,44,6,7,1,599,1.59,1800016,2,1,亚历山大大帝。他一生征战希望能到达“世界的尽头”亲眼看一看传说中的“无垠之海”。,6000,,,,,1,,1,19000081.png,塞浦路特之剑,,,6,1,2,6,7,1,61,2,,
19000082,御雕少年,十年生死两茫茫，不思量，自难忘……,,31,19000082,2,28,5,7,1,305,1.49,1300016,4,1,两鬓苍白的独臂剑客，手上拿着一把巨大的无刃铁剑。一直有一只大雕在他的身旁。,3000,,,100065,,1,,1,19000082.png,玄铁神剑,,1,4,2,2,5,5,1,41,4,,
19000083,古墓少女,蛋破生鸡，鸡大生蛋，既有其生，必有其死。,,130,19000083,3,28,6,7,1,491,1.63,330023,3,1,相貌清新脱俗，岁月在她身上没有任何作用，一直像是18岁的女子。,6000,320021,300026,100065,,1,,1,19000083.png,白金丝手套,,,3,4,2,0,7,1,73,2,,
19000084,漆黑顽石,咯……咯……咯……,,115,19000084,7,46,5,7,1,274,1.54,320022,2,1,一些奇怪的元素生物，主要生活在定期副本的入口附近。单只非常弱小，但一旦聚合起来则会变得非常难以对付。,3000,,,100063,100064,1,,1,19000084.png,黑水晶内核,,3,4,,2,0,5,1,38,4,,
19000085,牛郎,柔情似水，佳期如梦，忍顾鹊桥归路！,,77,19000085,2,39,5,7,1,377,1.5,1100057,1,1,逆袭白富美的代表人物，可惜没做好丈母娘方面的工作，这就是教训啊。,3000,,,100066,,1,,1,19000085.png,青笛,,5,2,,2,4,6,1,41,4,,
19000086,织女,两情若是长久时，又岂在朝朝暮暮！,,77,19000086,3,39,6,7,1,777,1.6,1800018,2,1,找到了爱情，然而没想到老妈是FFF团的。,6000,,,100066,,1,,1,19000086.png,羽衣,,,4,3,2,10,9,1,61,2,,
19000087,嫦娥,但愿人长久，千里共婵娟。然而……今年我又只跟兔子一起吃月饼了！！,,77,19000087,3,39,5,7,1,325,1.5,1900027,2,1,平凡人类成神的成功案例，虽然她并不满意。,3000,,,,,1,,1,19000087.png,不死药,,,5,4,,0,6,1,39,4,,
19000088,玉兔,偷偷告诉你其实我才是最终boss，没看到月亮都被我踩在脚底下了嘛，还有嫦娥一点都不好看，还是桂花树更好看哼。,,15,19000088,4,39,6,7,1,600,1.6,2100011,2,1,修炼成精的腹黑兔子，虽然看起来很萌，其实本质一点都不萌。,6000,320008,300022,,,1,,1,19000088.png,捣药杵,,,2,4,3,5,8,1,71,2,,
19000089,坷坷,植物想吸氮磷钾，快快使用金坷垃。,1,111,19000089,4,37,5,7,1,255,1.5,1100060,1,1,来自农业发达星球“金坷垃”星的使者之一，可与别的金坷垃使者合体，合体时台词是“我来组成身体”。,3000,,,100067,,1,,1,19000089.png,扭坷星,,3,2,2,2,10,6,1,41,4,,
19000090,垃垃,一袋抵两袋，谁用谁知道。,1,111,19000090,4,37,6,7,1,555,1.61,1100061,1,1,来自农业发达星球“金坷垃”星的使者之一，可与别的金坷垃使者合体，合体时台词是“我来组成头部”。,6000,310020,330030,100067,,1,,1,19000090.png,闪拉星,,5,,2,2,4,8,1,66,2,,
19000091,托尼托尼,就算你夸我，我也不会高兴的，你这个混蛋~~！,1,135,19000091,2,28,5,7,1,500,1.46,2000009,2,1,"喜欢棉花糖的蓝鼻子驯鹿，吃了人人果实的能力者，悬赏金50贝利。。。(鸣谢:小一,小一的芭比,报丧狂魔制作提供)",3000,,,100068,,1,,1,19000091.png,蓝波球,,,5,2,2,18,6,1,41,4,,
19000092,MZ星.欧皇,据说拥有了本皇之后，十连全是闪金了呢。,1,88,19000092,2,45,5,7,1,233,1.47,1700022,4,1,"此乃非洲大酋长明御偷偷集天地之间万千欧皇的欧气从MZ星召唤来能够带来好运的欧皇之皇。(鸣谢:明御,sonrlax二组,小孙,虾米制作提供)",3000,,,100070,,1,,1,19000092.png,皇冠,,,,7,2,0,5,1,41,4,,
19000093,草帽小子,我要成为海贼王的男人，敢对我的伙伴出手，就要做好心理准备！,1,135,19000093,2,28,6,7,1,666,1.58,330031,3,1,"有NB的老爸，有绝色美女喜欢的热血少年。（虽然重点不对，但是好像也没什么错，汗）(鸣谢:泽爷,小小小小小猫儿、,小鬼Z制作提供)",6000,300034,,100068,100073,1,,1,19000093.png,草帽,,2,5,,2,0,8,1,72,2,,
19000094,皮神,PI----------KA-----------CHU!,1,55,19000094,2,28,6,7,1,374,1.61,2200047,3,1,"真新镇野外草丛特产的电老鼠，不过这一只闪光变种似乎有着击碎岩石的惊人实力，最后它带着一名红帽少年踏上了成为口袋妖怪之王的道路。（大雾，手动斜眼笑）(鸣谢:哦哈哈哈哈哈,七宝熊,旺酱(=@*@=),沸点,GM,喵酱,卡布,熊霸3,无双制作提供)",6000,330013,,,,1,,1,19000094.png,大师球,,2,2,3,2,5,8,1,67,2,,
19000095,小苍,享受竞技，热爱生活，大家好，我是小苍。,,134,19000095,3,51,6,7,1,666,1.6,1800019,2,1,女青年一枚，在年轻的时候因为喜爱游戏走上了电竞的道路，而后成为了一位知名的电竞选手和解说。,6000,300017,320001,,,1,,1,19000095.png,麦克风,,,2,5,2,20,9,1,69,2,,
19000096,杰克船长,Captain! Captain Jack Sparrow!,1,135,19000096,2,28,5,7,1,374,1.4,2200049,3,1,九大海盗王之一，具有奇特魅力的海盗。,3000,,,,,1,,1,19000096.png,火枪,,2,2,,3,0,5,1,40,4,,
19000097,小北,把零战……留下来……，把烈风……留下来……,,135,19000097,3,50,6,7,1,533,1.53,330033,3,1,非常可爱的白发萝莉一枚，有非常非常多的邪恶提督想把她拐回家（来，哥哥这有很多烈风！到哥哥家玩吧~）,6000,300017,310006,100071,,1,,1,19000097.png,黑泡芙,,3,2,2,2,0,8,1,75,2,,
19000098,皇家私掠者,我是继麦哲伦后第二位完成环球航海的大海贼！,1,135,19000098,2,28,6,7,1,555,1.55,1100063,1,1,史上第一个获得私掠许可证的传说中的大海贼。,6000,310019,,,,1,,1,19000098.png,金鹿号,,5,1,1,2,3,8,1,69,2,,
19000099,红胡子,不想当元帅的海盗不是好英雄！,,135,19000099,2,28,5,7,1,344,1.45,1700024,4,1,从海贼转职为海军元帅的传奇人物，一生在海洋上纵横，名副其实的海上战士。,3000,,,,,1,,1,19000099.png,银手臂,,,5,3,1,0,5,1,40,4,,
19000100,安妮·波妮,记住，杀你的可是女海贼安妮·波妮！,,135,19000100,3,28,5,7,1,356,1.46,1200097,4,1,著名的女海贼之一，与玛丽·里德情同姐妹。,3000,,,,,1,,1,19000100.png,大腿肉,,,5,2,2,1,5,1,41,4,,
19000101,吸血鬼,我喜欢有心脏跳动的对手，他们的保质期很长,1,135,19000101,2,5,6,7,1,556,1.58,2000011,2,1,是传说中的超自然生物。受到神的唾弃和惩罚，变为永生不死的嗜血怪物。,6000,300006,320004,,,1,,1,19000101.png,吸血獠牙,,,3,4,2,9,9,1,71,2,,
19000102,火拳,看来有个不懂礼数的混蛋。,1,135,19000102,2,28,6,7,1,666,1.61,2200056,3,1,一代海贼王的儿子，估计将来还会是二代海贼王的哥哥。,6000,330011,,100073,,1,,1,19000102.png,烧烧果实,,2,2,2,3,15,9,1,70,2,,
19000103,蛇姬,无论做什么坏事，全世界都会原谅我的，原因是....妾身太美了,,135,19000103,3,28,6,7,1,676,1.59,330034,3,1,生活在亚马逊·百合的战斗民族九蛇的最高领导人和九蛇海贼团的船长，同时也被认为是世界第一的绝世美女。国内知名Coser“野猪桃桃宝”对此有完美的诠释 ！,6000,320028,,,,1,,1,19000103.png,甜甜果实,,7,,,2,0,8,1,75,2,,
19000104,红发音乐家,很快……就会解脱了！,1,126,18000054,2,51,5,7,1,397,1.45,1100071,1,1,讨厌暴力，喜爱摇滚，装扮特立独行，是一名“文艺青年”。,3000,,,100077,,1,,1,18000054.png,八尺琼勾玉,勾玉,4,1,2,2,3,6,1,41,4,,
19000105,黑衣留学生,呼~你可不会玩火呢…  ,1,126,18000055,2,51,5,7,1,397,1.45,1100069,1,1,常年留级的格斗家，还因为留级的关系交到了一个女朋友……,3000,,,100077,,1,,1,18000055.png,草薙之剑,,4,3,,2,6,6,1,41,4,,
19000106,长发白富美,摩托竞速比赛，你来吗……,1,126,19000106,3,51,5,7,1,397,1.45,1100072,1,1,这位是白富美+黑长直，但是爱好是躺着休息和骑哈雷……,3000,,,100077,,1,,1,19000106.png,八咫镜,,3,4,,2,8,6,1,41,4,,
19000107,,,,,19000107,,,,,,,,,,,,,,,,,,,,19000107.png,,,,,,,,,,,0,,
19000108,小鞭炮,什么，过年要放我！！！,,124,19000108,2,50,6,7,1,456,1.57,1300019,4,1,兄弟，把火柴放下，我们有话好好说。,6000,,,,,1,,1,19000108.png,火柴,,2,2,2,3,0,5,1,42,2,,
19000109,土豪战,无兄弟，不传奇……,,115,19000109,2,51,5,7,1,255,1.45,1900036,2,1,手拿屠龙刀，身穿黄金甲，胸前挂着大金链子，顿时感觉一股土豪之气迎面而来。,3000,,,,,1,,1,19000109.png,+12黄金旋风斧,,,7,,2,0,6,1,41,4,,
19000110,龙牧,愿圣光忽悠……护佑着你！,1,63,19000110,2,51,6,7,1,666,1.59,1800024,2,1,传说死在他面前的快攻可绕世界5圈，绕世界5圈，5圈……,6000,300006,320006,,,1,,1,19000110.png,圣光杖,,,3,4,2,4,8,1,66,2,,
19000111,WCG,我还会再回来的！！！,,58,19000111,2,51,6,7,1,555,1.6,1200103,4,1,非常著名的赛事，已经GG，由于不甘，再次具象。,6000,,,,,1,,1,19000111.png,专属耳机,,,2,5,2,2,8,1,61,2,,
19000112,冲锋兵,我建议我们干掉这个指挥官吧，如何……,,115,10000007,2,51,5,7,1,400,1.42,1400027,4,1,穿着功能强大的战斗服，配着酷炫的手枪，他们看起是如此的可靠。,3000,,,,,1,,1,10000007.png,高斯步枪,,3,2,2,2,20,5,1,41,4,,
19000113,双刀武士,荣誉指引着我，一切为了帝国！,1,115,19000113,5,51,6,7,1,800,1.57,1200104,4,1,为了艾尔可以奉献一切的狂热份子。,6000,330022,,,,1,,1,10000006.png,光刀,,7,0,0,2,8,7,1,65,2,,
19000114,小黑,BKB是件很靠谱的装备，真的！,1,24,19000114,3,51,6,7,1,666,1.62,300039,3,1,这是一只卓尔精灵，传说他是美杜莎的死对头，曾经有过无数次的决斗。【由ios13 卑鄙无齿 ios8 李狗嗨制作】,6000,340005,,100078,100079,1,,1,19000114.png,鹰歌号角,,0,7,0,2,0,9,1,71,2,,
19000115,冰女,我是一号位冰女，一号位！！！,1,17,19000115,3,51,6,7,1,666,1.6,2200058,3,1,传说中6神装之后可以笑傲天下的存在（大概）！【由ios9 nxlou制作】,6000,300022,310020,100078,100080,1,,1,19000115.png,A蓝神杖,,5,2,0,2,7,8,1,67,2,,
19000116,半人马,谁敢伤我……啊，好痛！,1,115,19000116,2,51,6,7,1,666,1.58,1300020,3,1,攻击它你自己会受到伤害，哎，这年头，连半人马都会荆棘光环了……,6000,,,100079,100080,1,,1,19000116.png,大斧,,2,3,2,2,0,7,1,61,2,,
19000117,金刚熊猫,今晚我们都是魅族人！！！,,128,19000117,2,37,5,7,1,365,1.46,1100078,1,1,如果你们对魅族一无所知，那么他会非常高兴的教你关于魅族的事情。,3000,,,,,1,,1,19000117.png,魅云气球,,5,2,0,2,3,5,1,41,4,,
19000118,生化魔王,我们三兄弟，无敌！！！,,115,19000118,5,51,5,7,1,333,1.45,2200059,3,1,传说中的神奇生物，如果有3个聚到一起，竟然可以合体进化（三头青眼魔王，三合一魔王怪……大雾！！）,3000,,,,,1,,1,19000119.png,神奇有机物,,2,3,2,2,5,5,1,41,4,,
19000119,真.生化魔王,合体之后的我已经天下无敌了！！,1,115,19000119,5,51,6,7,1,676,1.61,330038,3,1,传说中的神奇生物，可以更好的吸收同族死亡后遗留的力量。,6000,310025,320030,,,1,,1,19000119.png,神奇有机物,,3,0,4,2,0,0,1,66,2,,
19000120,银发探险家,是时候展现我旁白的实力了！,1,115,19000120,2,51,6,7,1,666,1.59,310026,1,1,非常出名的旁白，兼职冒险家，现在开了家酒吧（此人非常喜欢调戏妹子，请广大妹子注意）,6000,340006,,,,1,,1,19000120.png,弹幕,,6,1,0,2,0,8,1,69,2,,
19000121,九尾妖狐,卖包子了，卖包子了。 ,1,115,19000121,3,51,6,7,1,777,1.63,1700025,4,1,出名的美女，开了一家有名的包子店，包子味道不错。（注意：九尾妖狐已经濒临灭绝，所以她们不会需要同族的灵魂石来加强自己，但是相对的，她们需要更多的契约石）,6000,310007,,,,1,,1,19000121.png,宝珠,,3,0,3,3,5,10,1,74,2,,
19000122,流浪武士,我就是风一样的男子，不要崇拜我。,1,115,19000122,2,51,6,7,1,326,1.58,1900038,2,1,风一样的男子，流浪的剑客，有着非同一般的高手气质，只是站在那里，你都感觉一股威压迎面扑来。,6000,320010,,,,1,,1,19000122.png,无名奇刀,,2,3,2,2,2,8,1,69,2,,
19000123,斯巴达,平时多流汗，战时少流血。,0,115,19000123,2,28,5,7,1,481,1.43,1200076,1,1,传说中的猛男，没有任何的畏惧情绪，那句话怎么说来着：生死看淡，不服就干。,500,1200077,,,,1,,1,19000069.png,斯巴达之盔,,3,2,2,2,0,5,1,41,4,,
19000124,真.斯巴达,斯巴达人从不问敌人有多少，只问敌人在哪里…,0,115,19000124,2,28,6,7,1,481,1.62,310027,1,1,猛男中的猛男，传说中这种变态的家伙有300个，就可以在数十万大军的攻击下守住关卡好几天。,1000,300040,330022,,,1,,1,19000069.png,斯巴达之盔,,3,4,0,2,0,9,1,65,2,,
19000125,喵喵女,我是神奇的大盗喵~,0,136,19000125,3,28,5,7,1,365,1.44,1800025,2,1,大盗，性格如猫一样善变，当然，也许还会像喵星人一样卖萌（虽然我从来没见到过）。,3000,1900039,,,,1,,1,19000125.png,猫之鞭,,2,2,3,2,0,6,1,41,4,,
19000126,亚马逊女战士,我要成为新的战神！,0,136,19000126,3,4,6,7,1,879,1.61,2200060,4,1,亚马逊一族最出名的战士，聪慧，勇敢，强大，美丽，长生不老……喂，警察，有人开挂啊！,6000,1900040,310009,,,1,,1,19000126.png,黄金绳索,,2,3,2,2,7,7,1,61,2,,
19000127,超级记者,请问这附近有电话亭吗？,1,136,19000127,2,37,6,7,1,567,1.63,2200061,3,1,世界上最出名的记者之一，一个脱离了低级趣味的记者，一个以打击罪犯，保护人类为己任的记者。,6000,330011,,100081,,1,,1,19000127.png,超级记者,,5,1,1,2,12,8,1,69,2,,
19000128,猫头鹰侠,夜晚可是我的活跃时间。,1,136,19000128,2,28,6,7,1,486,1.6,1100079,1,1,活跃于夜晚的英雄，他用自己作为例子充分的说明了夜猫子对于当英雄的重要性，来来来，起来嗨。,6000,310001,,100081,,1,,1,19000128.png,猫头鹰面具,,5,1,1,2,4,8,1,71,2,,
19000129,皮蛋超人,我只是来客串的……,0,136,19000129,2,28,6,7,1,352,1.55,1100080,1,1,非常古老的超人，由于他很和善，所以经常被别的剧组请去客串角色。,6000,,,100082,100083,1,,1,19000129.png,皮蛋,,11,0,0,0,1,7,1,61,2,,
19000130,怪娃娃,早安！,0,136,19000130,3,12,6,7,1,456,1.62,1100081,1,1,破坏力爆棚的熊孩子，经常的破坏地球和月球，经常啊！地球君，辛苦了！,6000,,,100082,100084,1,,1,19000130.png,快乐的翔,,7,0,0,2,4,8,1,61,2,,
19000131,蜜饯超人,这制服穿起来真是麻烦。,0,136,19000131,2,28,6,7,1,765,1.61,1100082,1,1,做出飞行的姿势在滑板上，依靠滑板前进，我只能说，大侠，你赢了……,6000,1100083,,100083,100084,1,,1,19000131.png,神奇领带,,7,0,0,2,10,8,1,61,2,,
19000132,魔鬼机械人,我的老师最强！,0,136,19000132,2,28,6,7,1,444,1.58,1900041,2,1,外形俊朗，作战勇猛（眉清目秀，虎背熊腰），这么一个英雄，你能想象他刷马桶，洗碗，买菜的样子吗……,6000,1100085,330022,100086,,1,,1,19000132.png,钢铁右酱,,6,0,6,0,3,7,1,66,2,,
19000133,光头师匠,啊，为什么又是一拳搞定了！,0,136,19000133,2,28,6,7,1,678,1.62,1100084,1,1,由于一只螃蟹，他从上班族转职为英雄。具体转职步骤如下：遇上螃蟹怪，救人，锻炼3年，转职成功。恩，大家也可以去尝试下。,6000,330035,,100086,100085,1,,1,19000133.png,顽强小草,,0,0,0,6,0,8,1,70,2,,
19000135,白娃,妖怪，受死！,0,136,19000135,2,50,5,7,1,324,1.44,2200062,3,1,这可是合体界早期著名人物之一，并且不是大家后来常见的5合1，3合1，2合1，而是极具特色的7合1。我一个换7个，就问你们怕不怕……,3000,2200063,,,,1,,1,19000135.png,宝葫芦,,2,3,2,2,5,5,1,41,4,,
19000136,唐山猛龙,阿达~,0,136,19000136,2,28,6,7,1,555,1.58,1400030,4,1,筒子们，你们晓得麽，双截棍可是他创造的（快使用双截棍哼哼哈嘿）。,6000,,,,,1,,1,19000136.png,双截棍,,6,1,0,2,7,7,1,61,2,,
19000137,魔鬼,人类，你渴望得到力量吗？跟我签订契约成为我的仆人吧！,1,136,19000137,2,52,6,7,1,645,1.6,2200064,3,1,来自地狱的超邪恶生物，神和人类的敌人，会以邪恶的力量引诱人类走向堕落的深渊。,6000,340008,,,,1,,1,19000137.png,破灭利爪,,0,7,0,2,8,8,1,65,2,,
19000138,守夜人,你知道我的母亲是谁吗~,0,136,19000138,2,28,5,7,1,330,1.4,2200066,3,1,作为贵族私生子，始终不知道自己的母亲是谁。,500,,,,,1,,1,19000138.png,守卫之剑,,2,3,2,2,2,4,1,41,4,,
19000139,自由骑士,我将持剑复活所有神明。,0,136,19000139,2,28,5,7,1,350,1.4,2200065,3,1,充满正义感的年轻人，以剑为生，成为伟大的战士，更以自己2B的特性赢得了妖精小姐的青睐。,3000,,,,,1,,1,19000139.png,正义之剑,,3,2,2,2,5,6,1,41,4,,
19000140,盲侠,黑夜降临，伸张正义。,1,136,19000140,2,28,5,7,1,340,1.44,1100088,1,1,双眼被奇异的放射性废料溅射导致了失明。然而，其余四种感官——听觉、触觉、嗅觉、味觉却变得超人敏锐。只要静坐家中一样“看”到这个城市的任何一个角落。,3000,,,,,1,,1,19000140.png,盲人杖,,2,3,2,2,3,6,1,46,4,,
19000141,灰袍,旅途不会结束~,0,136,19000141,2,28,6,7,1,640,1.62,1800026,2,1,强大的法师，与精灵王子等人组成队伍，寻找一个神秘的戒指，击败敌人的入侵。,6000,1900042,,,,1,,1,19000141.png,灰袍,,0,2,5,2,12,8,1,61,2,,
19000142,小叶子,这~不是我们的战争~,1,136,19000142,1,16,6,7,1,570,1.55,1100087,1,1,精灵王子，随人类，矮人等组成队伍，寻找一个神秘的戒指，击败敌人的入侵。,6000,310029,330040,,,1,,1,19000142.png,精灵之弓,,5,2,0,2,2,7,1,73,2,,
19000143,真.守夜人,你在说什么？我不懂~,0,136,19000143,2,28,6,7,1,600,1.5,300041,3,1,置身于权利间的游戏，与小白狼为伍，对自己私生子身份耿耿于怀。,1000,330041,,,,1,,1,19000138.png,守卫之剑,,2,5,0,2,0,7,1,61,2,,
19000144,黑曼巴,你有见过凌晨四点的洛杉矶吗？,1,56,19000144,2,28,5,7,1,320,1.4,1100089,1,1,紫金王朝领头人物，投篮美如画，被誉为老爷接班人。,3000,,,,,1,,1,19000144.png,篮球,,3,1,3,2,5,5,1,41,4,,
19000145,猎魔人,oh，想想我的报告，要是你还活着，我岂不是要写很多？,1,136,19000145,3,28,5,7,1,330,1.46,1100090,1,1,为了得到神秘的病毒，不惜进入病毒肆虐的城市中~,3000,,,,,1,,1,19000145.png,黑尾,,2,2,3,2,8,6,1,41,4,,
19000146,昆特牌大师,来一盘昆特牌？,1,136,19000146,2,28,6,7,1,550,1.52,1200107,4,1,从小接受狩魔猎人严酷的训练，从此他获得了几乎超人的身体和心理能力，但丧失了情绪。训练结束后他得到了徽章——即狩魔猎人的狼头项链，成为一名狼派猎魔人，之后被派遣到野外进行生死历练~,6000,,,,,1,,1,19000146.png,手半银剑,,3,2,2,2,10,7,1,61,2,,
19000147,糖果,满天星光灿烂，你在哪里浪！…………………….漫?,1,136,19000147,3,16,6,7,1,570,1.5,1800027,2,1,主要成分：卡路里、蛋白质、脂肪、碳水化合物、硫胺素、核黄素、尼克酸,6000,,,,,1,,1,19000147.png,风车棒棒糖,,2,2,3,2,0,7,1,61,2,,
19000148,执行者XIII,我找到了属于自己的太阳。,0,136,19000148,2,28,6,7,1,620,1.62,1300022,4,1,漆黑头发和琥珀色瞳孔的美少年，穿上女装之后就是美少女（白色公主塞茜莉亚哟）。,6000,330008,1200108,,,1,,1,19000148.png,凤凰,,0,3,4,2,10,8,1,71,2,,
19000149,雷姐,你只要注视着前方就可以了，你的背后由我来保护。,0,136,19000149,3,28,6,7,1,650,1.58,2200067,3,1,原本是军中有一定地位的女军人，武器是具有变形能力的剑铳组合，武器铭牌为”白色闪光...咏唱我的名字“，后为保护妹妹而下界卷入纷争。,6000,330015,,,,1,,1,19000149.png,雷霆之羽,,3,4,0,2,8,8,1,75,2,,
19000150,地狱怪客,是谁召唤了我？,0,136,19000150,2,26,5,7,1,340,1.36,2200068,3,1,铁汉柔情的地狱之子，性格强顽火爆但又极度爱猫，传言二战期间，被余党通过黑魔法召唤而出。,3000,,,,,1,,1,19000150.png,地狱牛角,,2,2,3,2,13,6,1,41,4,,
19000151,墨镜娘,我的爱人，将会成为救世主~,1,136,19000151,3,28,6,7,1,580,1.4,1200109,4,1,黑客组织的成员，先知暗示其所爱的人将会成为救世主，击败控制着世界的人工智能。,6000,310008,,,,1,,1,19000151.png,暴力手枪,,2,3,2,2,10,7,1,68,2,,
19000152,火焰女孩,残忍的现实~,1,136,19000152,3,28,6,7,1,630,1.52,1100091,1,1,性格孤僻冷傲的少女。自幼丧父，母亲神志不清，还有一个妹妹。独自扛起家庭重担。在第74届逃杀比赛中获得胜利，后加入革命组织，推翻政府的乌托邦统治。,6000,,,,,1,,1,19000152.png,燃烧弓箭,,5,2,0,2,5,8,1,61,2,,
19000153,猫头鹰探长,留下你的耳朵,0,128,19000153,2,24,5,7,1,320,1.38,2200070,3,1,机智勇敢的猫头鹰探长，侦破了一个又一个案件，保卫了森林的安全。,3000,,,,,1,,1,19000153.png,正义手枪,,3,2,2,2,8,5,1,41,4,,
19000154,南瓜,不给糖就捣乱!都给我high起来,1,136,19000154,2,16,5,7,1,360,1.34,2000014,2,1,在新月之夜一边唱歌一边在街上徘徊，听到这歌声的话将会加入狂欢。,3000,,,,,1,,1,19000154.png,超大南瓜帽,,2,2,3,2,15,5,1,41,4,,
19000155,不死斗士,凭借这双凤凰的翅膀，我已经无数次飞越死亡线了！,0,128,19000155,2,5,6,7,1,580,1.4,2100014,2,1,凤凰座斗士，不管多少次陷入死境，都能复活过来，总是能在战局最关键时及时出现。,6000,,,,,1,,1,19000155.png,燃烧凤翼,,2,2,3,2,8,6,1,61,2,,
19000156,水手服美少女,代表宇宙消灭你~,0,128,19000156,3,28,6,7,1,570,1.42,1100092,1,1,月亮王国公主转世，成为具有变身能力的水手服美少女，与邪恶黑暗势力战斗！,6000,,,,,1,,1,19000156.png,美少女权杖,,2,3,2,2,8,6,1,61,2,,
19000157,小豆丁,人若无牺牲，就不会有收获,1,46,19000157,2,28,6,7,1,600,1.5,300042,3,1,史上最年轻的获得国家炼金术师称号的天才。小豆丁与他弟弟因为太过思念幼年时死去的母亲，触犯了炼金术的最大禁忌，那就是能让死去的人复活的人体炼成。豆丁不但失去了左腿，自己的弟弟失去了身体。为了把弟弟的灵魂固定在铠甲上又将右臂作为代价。,6000,310030,320033,,,1,,1,19000157.png,炼金石,,0,0,0,8,100,7,1,85,2,,
19000158,黑衣剑客,在不幸中找出幸运、可以利用的事物就尽量利用。,0,136,19000158,2,28,6,7,1,635,1.52,1200110,4,1,名副其实的重度网络游戏玩家。拥有超群的反射神经和洞察力。因为完全潜行正式版的SAO而被卷入死亡游戏，并以此为开端，牵扯进各种的虚拟世界事件。,6000,330015,,,,1,,1,19000158.png,逐暗者,,5,2,0,2,10,8,1,75,2,,
19000159,森林女巫,闭上眼睛，你可以看得更远……,0,136,19000159,3,51,6,7,1,640,1.51,1900043,2,1,率性而为的她总是把大部分时间都花在林间漫步或者做白日梦上。,6000,2200073,,,,1,,1,19000159.png,枯木法杖,,0,2,5,2,6,7,1,61,2,,
19000160,法国队,菜菜我现在是强还是弱~,0,138,19000160,2,28,5,7,1,385,1.45,1100095,1,1,从世界杯冠军到小组赛出不了线只是4年的差距，从小组赛出不了线到世界杯亚军，也只是4年的差距。天堂地狱一线间，法国队啊~,3000,1100096,,,,1,,1,19000160.png,法国队服,,3,2,2,2,4,5,1,41,4,,
19000161,德国队,强，无敌！,0,138,19000161,2,28,5,7,1,385,1.45,1200112,4,1,最近的四届世界杯，德国队拿了1个冠军，1个亚军，2个季军，这成绩，NB~,3000,,,,,1,,1,19000161.png,德国队服,,2,3,2,2,5,5,1,41,4,,
19000162,西班牙队,2010之后，我就不是预选赛之王！,0,138,19000162,2,28,5,7,1,385,1.45,1200113,4,1,传说中的预选赛之王，当然，从他打败无冕之王拿起世界杯的那一刻起，这个称呼就可以去掉了~,3000,,,,,1,,1,19000162.png,西班牙队服,,1,2,4,2,8,5,1,41,4,,
19000163,齐格飞,正义的伙伴，那是我的梦想。,0,136,19000163,2,28,6,7,1,666,1.61,2200075,4,1,幸运为E？幸运为E。幸运为E！事实证明，在总属性最高的剑士中，也会产生几个幸运E的奇特人物。,6000,1100094,330008,,,1,,1,19000163.png,天魔失坠,,0,0,0,5,3,8,1,70,2,,
19000164,三无少女,我不知道该用什么样的表情。,0,136,19000164,3,28,6,7,1,587,1.52,310031,1,1,三无属性的始祖，雪一般的少女。对于她，我只有一句话：你只要微笑就好了！,6000,330011,,,,1,,1,19000164.png,司令眼镜,,7,0,0,2,0,8,1,74,2,,
19000165,干爹,这个抽签绝对是公平公正的！,1,138,19000165,2,28,5,7,1,400,1.44,2200076,3,1,传说中的普干爹，传说中他主持的抽签一定是公平公正的，传说中他不会针对谁，也不会包庇谁，这一切都是天意！反正他信了~,3000,,,,,1,,1,19000165.png,钱袋,,3,2,2,2,0,5,1,41,4,,
19000166,CR7,我喜欢胜利。,1,138,19000166,2,28,6,7,1,777,1.53,1100097,1,1,他的技术和身体素质都非常的强大，从实力上来说无与伦比，除此之外他还有一点跳水天赋，是一名非常强大的个性球员，喜欢他的人和讨厌他的人都非常的多。,6000,310001,,,,1,,1,19000166.png,神奇发胶,,5,1,1,2,6,7,1,67,2,,
19000167,齐祖,你知道马赛回旋吗？,1,138,19000167,2,28,6,7,1,672,1.55,320034,2,1,传奇中场，足球殿堂中会永久留下他的名字，事实上，有他和没他的法国队完全就是两个队伍。,6000,330013,,,,1,,1,19000167.png,铁头盔,,1,1,5,2,0,7,1,73,2,,
19000168,四魂巫女,红线一旦断掉就不可能再牵上了。,0,139,19000168,3,28,6,7,1,600,1.6,1100098,1,1,灵力高强的巫女，虽然看起来高冷，但是对人却十分的温和，为人善良，女神级人物。,6000,310009,,,,1,,1,19000168.png,梓山灵弓,,6,1,0,2,2,8,1,71,2,,
19000169,影子,啊，那个我在这里。,0,138,19000169,2,28,6,7,1,323,1.55,1900044,2,1,喜欢喝香草奶昔，还擅长做水煮蛋，据说吃蛋有利长高。,6000,1900045,,100087,,1,,1,19000169.png,影之护腕,,1,3,3,2,4,7,1,61,2,,
19000170,ACE,能打败我的家伙只有我自己而已。,0,138,19000170,2,28,6,7,1,555,1.53,2100015,2,1,因为小时候喜欢在山上玩，皮肤才会变得如此黑。,6000,320003,330016,100087,,1,,1,19000170.png,王牌,,1,3,3,2,3,7,1,70,2,,
19000171,红发女仆,我们好像变成像素了呢！,0,65,19000171,3,52,6,7,1,478,1.57,1900046,2,1,鬼族神童，妹控。可能是作为姐姐的关系，相对的冷静温柔。补充一句，请鬼上身吧！,6000,,,100088,,1,,1,19000171.png,鬼角,,0,3,4,2,0,7,1,61,2,,
19000172,蓝发女仆,姐姐，姐姐，我们的确变成像素了呢！,0,65,19000172,3,52,6,7,1,478,1.57,1100100,1,1,全能的毒舌女仆，姐控，常用武器是流星锤。对她我仍然是一句话，请鬼上身吧！,6000,310009,,100088,,1,,1,19000172.png,流星锤,,6,0,1,2,0,7,1,69,2,,
19000173,黑化-fate,——。,0,10,19000173,3,28,6,7,1,777,1.7,2200078,4,1,战斗时被黑暗所吞噬然后获得了肉体，真正冷酷无情的女王性格。,6000,1100101,330012,,,1,,1,19000173.png,黑化誓约之剑,,7,0,0,2,4,7,1,73,2,,
19000174,Blake-Belladonna,你的期望已经成为了我的重负。,0,138,19000174,3,28,5,7,1,323,1.47,2200079,3,1,一个面色苍白的年轻女孩，辅以粉红、淡紫色和黄色的三色眼影，她的眼睛微微上翘的两端，给她一点像猫的样子。,3000,,,,,1,,1,19000174.png,跃影飞绫,,0,3,4,2,20,5,1,31,4,,
19000176,人狼,那个圆圆的月亮好像一个包子~,1,138,19000176,2,3,6,7,1,689,1.6,1100102,1,1,狼化身的年轻男孩子，月圆之夜会变身为一个毛茸茸的家伙。,6000,310009,,,,1,,1,19000176.png,可爱尾巴,,6,1,0,2,0,7,1,71,2,,
19000179,雾岛董香,那个，人类不都吃得津津有味么。,0,138,19000179,3,28,6,7,1,457,1.55,1800028,2,1,人类外表目前为高三生，平时在咖啡店当服务员，外表是个可爱的女孩子，实际上是……咦~,6000,,,,,1,,1,19000179.png,残缺羽赫,,0,3,4,2,0,7,1,61,2,,
19000180,远坂凛,你们这些家伙真是差劲透了！,0,138,19000180,3,28,6,7,1,666,1.57,1900047,2,1,魔法世家的名门，现任当主能把自己的魔力转移到宝石里，能够随时取出。,6000,320006,,,,1,,1,19000180.png,水银短剑,,0,3,4,2,0,7,1,66,2,,
19000181,Ruby-Rose,轻柔地，我洒落夏日的玫瑰。,0,138,19000181,3,28,6,7,1,452,1.59,1100103,1,1,黑红色哥特式衣裙、黑裤袜和长筒靴，总是随时穿着鲜红色的连帽斗篷。 对外人保持着友善关怀的心，能轻易打开胸怀接纳每一个人成为朋友。,6000,2200081,310009,100090,,1,,1,19000181.png,新月玫瑰,,5,2,0,2,10,7,1,71,2,,
19000182,Weiss-Schnee,每个人都有权拥有各自的哀伤。,0,138,19000182,3,28,6,7,1,678,1.58,2200082,3,1,惯用左手的左撇子，通常左手使用武器，右手发动能力。日常行事和战斗风格都中规中矩，有一点“完美强迫症”，但也能保持变通而不至陷于困境。,6000,330008,,100090,,1,,1,19000182.png,柳叶白菀,,2,5,0,2,2,7,1,71,2,,
19000183,人造人八号,我不喜欢打架……,0,138,19000183,2,3,5,7,1,354,1.43,1200114,4,1,人造人八号是邪恶军团的博士众多失败作品之一，因为他讨厌战斗。,3000,,,,,1,,1,19000183.png, 螺丝,,3,2,2,2,2,5,1,31,4,,
19000184,狙魔人范海辛,有黑暗的地方就会有我~,1,138,19000184,2,28,6,7,1,684,1.57,2200083,3,1,著名妖魔猎人，勇敢的猎人，他机智锐利敏捷，孤身对抗在黑夜里出没的魔物。,6000,300016,,,,1,,1,19000184.png,老式火枪,,2,5,0,2,2,6,1,73,2,,
20000001,双翼狮鹫,,,124,20000001,,49,5,,,,,,4,,,,,,,,,,,,,,,,,,0,,0,,4,,
20000002,魔铁杂兵,,,124,20000002,,49,5,,,,,,4,,,,,,,,,,,,,,,,,,0,,0,,4,,
20000003,三头恶犬,,,124,20000003,,49,5,,,,,,4,,,,,,,,,,,,,,,,,,0,,0,,4,,
20000004,蛇型女妖,,,124,20000004,,49,5,,,,,,4,,,,,,,,,,,,,,,,,,0,,0,,4,,
20000005,大恐魔,,,124,20000005,,49,5,,,,,,4,,,,,,,,,,,,,,,,,,0,,0,,4,,
20000006,毒液绿龙,,,124,20000006,,49,5,,,,,,4,,,,,,,,,,,,,,,,,,0,,0,,4,,
20000007,魔眼肉像,,,124,20000007,,49,5,,,,,,4,,,,,,,,,,,,,,,,,,0,,0,,4,,
20000008,剧毒邪魔,,,124,20000008,,49,5,,,,,,4,,,,,,,,,,,,,,,,,,0,,0,,4,,
20000009,黑色魔铁巨像,,,124,20000009,,49,5,,,,,,4,,,,,,,,,,,,,,,,,,0,,0,,4,,
21000001,疯王,,,,21000001,,,5,,,,,,4,,人类的领主，被魔剑腐蚀成为了可怕的怪物,,,,,,,,,,,,,,,,0,,0,,4,,
21000003,腐朽的护卫,,,,21000003,,,5,,,,,,4,,一身黑色的盔甲，已经完全腐化的人类。,,,,,,,,,,,,,,,,0,,0,,4,,
21000004,恐怖魔化兵I,,,,21000004,,,5,,,,,,4,,以太潮汐军团形象1,,,,,,,,,,,,,,,,0,,0,,4,,
21000005,恐怖魔化兵II,,,,21000005,,,5,,,,,,4,,以太潮汐军团形象2,,,,,,,,,,,,,,,,0,,0,,4,,
21000006,恐怖魔化兵III,,,,21000006,,,5,,,,,,4,,以太潮汐军团形象3,,,,,,,,,,,,,,,,0,,0,,4,,
21000007,恐怖魔化犬I,,,,21000007,,,5,,,,,,4,,以太潮汐军团的军犬,,,,,,,,,,,,,,,,0,,0,,4,,
21000008,荒芜大主教,,,,21000008,,,5,,,,,,4,,穿着圣服的干瘪老头,,,,,,,,,,,,,,,,0,,0,,4,,
21000009,时间领主,,,,21000009,,,5,,,,,,4,,巨大的怪物,,,,,,,,,,,,,,,,0,,0,,4,,
21000010,乙太暴君,,,,21000010,,,5,,,,,,4,,巨大的怪物,,,,,,,,,,,,,,,,0,,0,,4,,
21000011,倒地的山匪,,,,21000011,,,5,,,,,,4,,,,,,,,,,,,,,,,,,0,,0,,4,,
21000012,奇怪的箱子,,,,21000012,,,5,,,,,,4,,,,,,,,,,,,,,,,,,0,,0,,4,,
21000013,神秘,,,,21000013,,,,,,,,,4,,,,,,,,,,,,,,,,,,0,,0,,0,,
22000001,魔化吕布,吾乃最强,1,42,22000001,2,28,6,7,1,933,1.71,1100045,1,1,因为狂怒而失去了理性，堕落为真正的狂战士。同时也拥有了无人可挡的力量。,12000,330001,,,,1,,1,22000001.png,魔神之戟,马,4,5,,5,17,16,1,89,2,,
22000002,贝尔菲高尔,现在是休息的时间了,1,14,22000002,3,25,6,7,1,1380,1.74,320012,2,1,地狱七大魔王之一，代表了懒惰。,12000,,,,,1,,1,22000002.png,魅惑魔瞳,无出处，眼球之类的,,,14,5,0,16,1,99,2,,
22000003,哈迪斯,死亡乃万物之归宿,1,59,22000003,2,25,6,7,1,1845,1.8,1300012,4,1,掌管冥界和地下财富的上神，最喜爱黑色，白杨树是他的圣树。水仙花则是他的圣花。,12000,,,,,1,,1,22000003.png,冥王之剑,剑,3,20,,5,0,16,1,83,2,,
22000004,金身泰坦,吾等可是世界的主宰者,1,80,22000004,5,34,6,7,1,2031,1.88,1900007,2,1,泰坦族的统治者，是的，那个传说中没有人可以征服并且拥有不灭之体的战斗种族的统治者。,12000,,,,,1,,1,22000004.png,神圣之光,无出处,8,8,8,12,0,17,1,98,2,,
22000005,阿瑞斯,我渴望战斗！,0,80,22000005,2,29,6,7,1,2100,1.88,1500024,4,1,战神，古希腊神话中为战争而生的神，奥林匹斯十二神之一，被视为尚武精神的化身。,12000,1400031,330001,,,1,,1,22000005.png,嗜血长矛,,8,8,8,12,10,16,1,118,2,,
22000006,阿波罗,其实我不是太阳神~,0,80,22000006,2,29,6,7,1,2300,1.88,330042,3,1,是希腊神话中的光明与医药之神，为奥林匹斯十二神之一，是众神之王宙斯与暗夜女神勒托的儿子，阿尔忒弥斯的孪生弟弟。,12000,330001,300015,,,1,,1,22000006.png,光明盾,,8,8,8,12,100,17,1,128,2,,
22000007,雅典娜,我要用智商碾压你~,0,80,22000007,3,29,6,7,1,2600,1.95,2200069,3,1,是希腊神话中的奥林波斯十二神之一；是乌云和雷电的主宰者；智慧女神，农业与园艺的保护神，她传授纺织、绘画、雕刻、陶艺、畜牧等技艺给人类；,12000,330002,,,,1,,1,22000007.png,智慧之杖,,10,10,10,15,10,19,1,120,2,,
22000008,露西,不幸的人总想创造比自己更不幸的人，以证明自己才不是最不幸的人 ,0,137,22000008,3,28,6,7,1,660,1.6,2200071,3,1,我真的不是娜迦 专属,6000,330015,,,,1,,1,22000008.png,手,,7,0,0,2,8,8,1,75,2,,
22000009,黄金射手,炸裂吧，我的小宇宙！,0,136,22000009,2,28,6,7,1,645,1.6,2200072,3,1,拥有闪电般速度的黄金斗士，手持黄金弓箭，拥有无法闪避的攻击，威力惊人。为了保护心中的女神而献出了宝贵的生命，身体虽被毁灭，但灵魂依然守护着女神，并且坚持为正义而战。（射手座的男人 专属）,6000,330015,,,,1,,1,22000009.png,黄金箭,,0,2,0,4,8,8,1,75,2,,
22000010,潘多拉,凡人请接受我的礼物吧,0,136,22000010,3,28,6,7,1,580,1.39,330043,3,1,传说火神用黏土制造出送给人类的第一个女人，拥有一个能带来灾祸的盒子。,6000,,,,,1,,1,22000010.png,潘多拉魔盒,,0,0,0,4,100,8,1,77,2,,
22000011,大力士马克,肚子~好疼~,0,136,22000011,2,28,6,7,1,620,1.48,1700026,4,1,艺名：撒旦，是地球上最厉害的拳手之一，在第24届第一武道会上夺得冠军。同时马克也是少数没死过的地球人之一。,6000,330011,,,,1,,1,22000011.png,拳王腰带,,3,0,0,4,10,6,1,69,2,,
22000012,压力山大,赢而不灭，霸而不辱，是谓征服！,0,136,22000012,2,28,6,7,1,660,1.53,2200074,3,1,既是绝世的美少年，也是被以亚里士多德为首的贤者们首肯的天才，是个真心热爱着史诗“伊利亚特”的天真小孩。,6000,330003,,,,1,,1,22000012.png,征服之剑,,3,0,0,4,7,8,1,77,2,,
23000001,小型元宵汤圆,,,115,23000001,2,35,1,5,1,1,0.3,,4,1,元宵节时才会出现的奇怪英雄，没什么实际作用，但是开除却可以获得100个荣誉碎片。（凑齐5种汤圆是否可以发动奇怪的特殊技能呢？另外汤圆也可用于收藏）,100,,,100001,,,,,,,,,,,,0,1,0,,12,,
23000002,中型元宵汤圆,,,115,23000002,2,35,2,5,1,1,0.3,,4,1,元宵节时才会出现的奇怪英雄，没什么实际作用，但是开除却可以获得200个荣誉碎片。（凑齐5种汤圆是否可以发动奇怪的特殊技能呢？另外汤圆也可用于收藏）,200,,,100001,,,,,,,,,,,,0,2,0,,10,,
23000003,大型元宵汤圆,,,115,23000003,2,35,3,5,1,1,0.3,,4,1,元宵节时才会出现的奇怪英雄，没什么实际作用，但是开除却可以获得400个荣誉碎片。（凑齐5种汤圆是否可以发动奇怪的特殊技能呢？另外汤圆也可用于收藏）,400,,,100001,,,,,,,,,,,,0,3,0,,8,,
23000004,超级元宵汤圆,,,115,23000004,2,35,4,7,1,10,0.77,,4,1,元宵节时才会出现的奇怪英雄，没什么实际作用，但是开除却可以获得1000个荣誉碎片。（凑齐5种汤圆是否可以发动奇怪的特殊技能呢？另外汤圆也可用于收藏）,1000,,,100001,,,,,,,,,,,,0,4,0,,6,,
23000005,元宵王,,,50,23000005,3,35,5,7,1,100,1.32,,4,1,元宵节时才会出现的奇怪英雄，没什么实际作用，但是开除却可以获得15000个荣誉碎片。（凑齐5种汤圆是否可以发动奇怪的特殊技能呢？另外汤圆也可用于收藏）,15000,,,100001,,,,,,,,,,,,0,5,0,,4,,
24000001,赤之王,,,,24000001,,,5,,,,,,4,,,,,,,,,,,,,,,,,,0,,0,,4,,
24000002,碧之王,,,,24000002,,,5,,,,,,4,,,,,,,,,,,,,,,,,,0,,0,,4,,
24000003,光之王,,,,24000003,,,5,,,,,,4,,,,,,,,,,,,,,,,,,0,,0,,4,,
24000004,影之王,,,,24000004,,,5,,,,,,4,,,,,,,,,,,,,,,,,,0,,0,,4,,
24000005,大地天使,,,,24000005,,,5,,,,,,4,,,,,,,,,,,,,,,,,,0,,0,,4,,
24000006,时间使者,,,,24000006,,,5,,,,,,4,,,,,,,,,,,,,,,,,,0,,0,,4,,
24000007,末日之主,,,,24000007,,,5,,,,,,4,,,,,,,,,,,,,,,,,,0,,0,,4,,
24000008,魇魔,,,,24000008,,,5,,,,,,4,,,,,,,,,,,,,,,,,,0,,0,,4,,
24000009,烬之泉神,,,,24000009,,,,,,,,,4,,,,,,,,,,,,,,,,,,0,,0,,0,,
24000010,森文督姆,,,,24000010,,,,,,,,,4,,,,,,,,,,,,,,,,,,0,,0,,0,,
24000011,噩梦巨龙,,,,24000011,,,,,,,,,4,,,,,,,,,,,,,,,,,,0,,0,,0,,
24000012,黄金蜘蛛,,,,24000012,,,,,,,,,4,,,,,,,,,,,,,,,,,,0,,0,,0,,
24000013,猴年年兽,猴年快乐，新春大吉！,,124,24000013,4,10,6,7,1,999,1.65,330035,4,1,猴年的独特年兽，由于害怕鞭炮，它就把鞭炮收集起来变成了自己的宝具……,6000,310020,300022,,,1,,1,24000013.png,小鞭炮,,3,3,3,2,0,9,1,77,2,,
25000001,圣诞老人X,圣诞快乐！,,128,25000001,2,28,5,7,1,522,1.51,2000006,2,1,每年只干那么几天！却总能为商场带去大量血钻。但是，据说商场去年的工钱还没结给他。,3000,300022,,100046,,1,,1,25000001.png,圣诞百宝袋,,,1,8,,10,5,1,42,4,,
25000002,圣诞驯鹿X,圣诞快乐！,,128,25000002,2,28,5,7,1,543,1.5,1900020,2,1,有时候单干，有时候跟着圣诞老人。,3000,,,100046,,1,,1,25000002.png,圣诞红鼻子,,,3,5,,2,5,1,38,4,,
25000003,圣诞杂耍者X,圣诞快乐！,,128,25000003,3,28,5,7,1,611,1.46,320019,2,1,你觉得她总能躲开投来的飞刀，那是因为没能躲开的都不在了……,3000,310013,,100046,,1,,1,25000003.png,圣诞杂耍棒,,,,9,,0,5,1,50,4,,
25000004,真.圣诞老人,圣诞快乐！,,128,25000004,2,28,6,7,1,999,1.62,2200030,3,1,随着人类社会的不断进步，已经没有什么人再相信圣诞老人这个流传了很久的传说了……,6000,,,,,1,,1,25000004.png,火红圣袍,,,3,3,3,4,7,1,62,2,,
25000005,小雪球,别整天想搞个大雪球。,,128,25000005,5,46,6,7,1,666,1.33,,4,1,虽然它没有什么力量，但是满脸笑容可以融化一切，咦，它哪去了？,10000,,,,,1,,1,25000005.png,胡萝卜鼻子,,3,3,3,3,0,7,1,65,2,,
25000006,真.圣诞驯鹿,"ladies and gentlemen,merry christmas.",,128,25000006,2,28,6,7,1,555,1.55,1500022,4,1,笨蛋，就是因为你这不靠谱的装扮，搞的现在的小朋友都不相信圣诞老人是存在的。,6000,,,,,1,,1,25000006.png,圣诞雪橇,,3,3,1,2,20,7,1,61,2,,
26000001,开口的箱子,,,,26000001,,,,,,,,,4,,,,,,,,,,,,,,,,,,0,,0,,0,,
26000002,尘封宝箱,,,,26000002,,,,,,,,,4,,,,,,,,,,,,,,,,,,0,,0,,0,,
26000003,秘密钥匙宝箱,,,,26000003,,,,,,,,,4,,,,,,,,,,,,,,,,,,0,,0,,0,,
26000004,秘银宝箱,,,,26000004,,,,,,,,,4,,,,,,,,,,,,,,,,,,0,,0,,0,,
26000005,烈焰金宝箱,,,,26000005,,,,,,,,,4,,,,,,,,,,,,,,,,,,0,,0,,0,,
26000006,特殊机关宝箱,,,,26000006,,,,,,,,,4,,,,,,,,,,,,,,,,,,0,,0,,0,,
55000001,超大巨人,,,,55000001,,,5,,,,,,4,,,,,,,,,,,,,,,,,,0,5,0,,4,,
55000002,元首,,,,55000002,,,5,,,,,,4,,,,,,,,,,,,,,,,,,0,5,0,,4,,
55000003,首席客服,我在木七七当客服从来不复制粘贴,1,65,55000003,2,28,5,7,1,400,1.5,3000130,1,1,不管是凌晨2点还是清晨6点，她都默默地待在电脑前守候你,500,,,,,1,,1,55000003.png,鼠标,,3,2,2,2,25,5,1,41,4,,
55000004,时尚侠,FASHION MAKE YOUR JOY,,4,55000004,4,6,6,7,1,700,1.62,2000008,2,1,这是来自“第六时尚之都”从红色壁垒中诞生时尚的引领者。,6000,,,,,1,,1,55000004.png,红色壁垒,,,5,4,,30,,1,59,2,,
55000005,吓成E团,吃我一面！biu~,,15,55000005,5,10,1,5,1,666,1.62,2200046,3,1,码打夹死夹的森の妖の精，因为吃到了一盒炒面而跑到人类世界，通过窥屏学会了人类的生活方式，并且混进了木七七公司，甚至当上了群管理员（后来被发现而被撤销管理员）。现在在午夜档积蓄力量试图反攻，蓄谋占领所有炒面摊。,6000,,,,,1,,1,55000005.png,大E炒面,,2,2,2,3,2,,1,62,12,,
40000001,成功的平凡人,,,8,11000011,2,28,5,7,1,555,1.5,2500001,4,1,他为了心中的目标一直努力着。直到现在，他已经展现了真正的潜能。,3000,,,100075,,1,,1,19000052.png,论努力的重要,,,5,5,1,30,5,1,42,4,,
40000002,成长的少年凯,你知道，地球到天狼星的距离吗？,,56,11000021,2,28,5,7,1,1000,1.4,2400001,4,1,他年轻时就展现出过人的才华，同时不知道吃错了什么，这种才华竟然没衰退多少。,3000,,,100075,,1,,1,19000053.png,论天分的重要,,,5,5,1,30,8,1,42,4,,
40000003,拐杖老者,人生就是一局棋，有进有退，有败有赢。,,89,11000012,2,28,5,7,1,666,1.45,2600001,4,1,他已经非常老了，总是拉着你感慨人生。,3000,,,,,1,,1,19000074.png,神奇烟斗,,,7,,2,0,1,1,41,4,,
60000001,愤怒的矿石,大于吃小鱼，小鱼吃虾米，我就是虾米。,,18,60000001,2,7,1,1,1,1,1,,4,1,解雇后将获得佣兵契约所需灵魂石。,5,,,,,,,,,,,,,,,0,,0,,12,,
60000002,燃烧的矿石,大于吃小鱼，小鱼吃虾米，我就是小鱼。,,18,60000002,2,7,3,1,1,1,1,,4,1,解雇后将获得佣兵契约所需灵魂石。,10,,,,,,,,,,,,,,,0,,0,,8,,
